,bid_high,bid_low,bid_close,correl_AUD_GBP_7p,CS_AUD_JPY_H4_7,correl_EUR_AUD_7p,VOL_ATR_AUD6,VOL_ATR_AUD7,VOL_ATR_AUD8,VOL_ATR_AUD9,VOL_ATR_AUD10,VOL_ATR_AUD11,VOL_ATR_AUD12,VOL_ATR_AUD13,VOL_ATR_AUD14,VOL_ATR_AUD15,VOL_ATR_AUD16,VOL_ATR_AUD17,VOL_ATR_AUD18,VOL_ATR_AUD19,VOL_ATR_AUD20,VOL_BOLLINGER_BANDS_AUD2,VOL_BOLLINGER_BANDS_AUD3,VOL_BOLLINGER_BANDS_AUD4,VOL_BOLLINGER_BANDS_AUD5,VOL_BOLLINGER_BANDS_AUD6,VOL_BOLLINGER_BANDS_AUD7,VOL_BOLLINGER_BANDS_AUD8,VOL_BOLLINGER_BANDS_AUD9,VOL_BOLLINGER_BANDS_AUD10,VOL_BOLLINGER_BANDS_AUD11,VOL_BOLLINGER_BANDS_AUD12,VOL_BOLLINGER_BANDS_AUD13,VOL_BOLLINGER_BANDS_AUD14,VOL_BOLLINGER_BANDS_AUD15,VOL_BOLLINGER_BANDS_AUD16,VOL_BOLLINGER_BANDS_AUD17,VOL_BOLLINGER_BANDS_AUD18,VOL_BOLLINGER_BANDS_AUD19,VOL_BOLLINGER_BANDS_AUD20,VOL_BOLLINGER_L_BANDS_AUD2,VOL_BOLLINGER_L_BANDS_AUD3,VOL_BOLLINGER_L_BANDS_AUD4,VOL_BOLLINGER_L_BANDS_AUD5,VOL_BOLLINGER_L_BANDS_AUD6,VOL_BOLLINGER_L_BANDS_AUD7,VOL_BOLLINGER_L_BANDS_AUD8,VOL_BOLLINGER_L_BANDS_AUD9,VOL_BOLLINGER_L_BANDS_AUD10,VOL_BOLLINGER_L_BANDS_AUD11,VOL_BOLLINGER_L_BANDS_AUD12,VOL_BOLLINGER_L_BANDS_AUD13,VOL_BOLLINGER_L_BANDS_AUD14,VOL_BOLLINGER_L_BANDS_AUD15,VOL_BOLLINGER_L_BANDS_AUD16,VOL_BOLLINGER_L_BANDS_AUD17,VOL_BOLLINGER_L_BANDS_AUD18,VOL_BOLLINGER_L_BANDS_AUD19,VOL_BOLLINGER_L_BANDS_AUD20,VOL_BOLLINGER_MAVG_AUD1,VOL_BOLLINGER_MAVG_AUD2,VOL_BOLLINGER_MAVG_AUD3,VOL_BOLLINGER_MAVG_AUD4,VOL_BOLLINGER_MAVG_AUD5,VOL_BOLLINGER_MAVG_AUD6,VOL_BOLLINGER_MAVG_AUD7,VOL_BOLLINGER_MAVG_AUD8,VOL_BOLLINGER_MAVG_AUD9,VOL_BOLLINGER_MAVG_AUD10,VOL_BOLLINGER_MAVG_AUD11,VOL_BOLLINGER_MAVG_AUD12,VOL_BOLLINGER_MAVG_AUD13,VOL_BOLLINGER_MAVG_AUD14,VOL_BOLLINGER_MAVG_AUD15,VOL_BOLLINGER_MAVG_AUD16,VOL_BOLLINGER_MAVG_AUD17,VOL_BOLLINGER_MAVG_AUD18,VOL_BOLLINGER_MAVG_AUD19,VOL_BOLLINGER_MAVG_AUD20,VOL_DONCHAIN_CHANNEL_H_BAND_AUD1,VOL_DONCHAIN_CHANNEL_H_BAND_AUD2,VOL_DONCHAIN_CHANNEL_H_BAND_AUD3,VOL_DONCHAIN_CHANNEL_H_BAND_AUD4,VOL_DONCHAIN_CHANNEL_H_BAND_AUD5,VOL_DONCHAIN_CHANNEL_H_BAND_AUD6,VOL_DONCHAIN_CHANNEL_H_BAND_AUD7,VOL_DONCHAIN_CHANNEL_H_BAND_AUD8,VOL_DONCHAIN_CHANNEL_H_BAND_AUD9,VOL_DONCHAIN_CHANNEL_H_BAND_AUD10,VOL_DONCHAIN_CHANNEL_H_BAND_AUD11,VOL_DONCHAIN_CHANNEL_H_BAND_AUD12,VOL_DONCHAIN_CHANNEL_H_BAND_AUD13,VOL_DONCHAIN_CHANNEL_H_BAND_AUD14,VOL_DONCHAIN_CHANNEL_H_BAND_AUD15,VOL_DONCHAIN_CHANNEL_H_BAND_AUD16,VOL_DONCHAIN_CHANNEL_H_BAND_AUD17,VOL_DONCHAIN_CHANNEL_H_BAND_AUD18,VOL_DONCHAIN_CHANNEL_H_BAND_AUD19,VOL_DONCHAIN_CHANNEL_H_BAND_AUD20,VOL_DONCHAIN_CHANNEL_L_BAND_AUD1,VOL_DONCHAIN_CHANNEL_L_BAND_AUD2,VOL_DONCHAIN_CHANNEL_L_BAND_AUD3,VOL_DONCHAIN_CHANNEL_L_BAND_AUD4,VOL_DONCHAIN_CHANNEL_L_BAND_AUD5,VOL_DONCHAIN_CHANNEL_L_BAND_AUD6,VOL_DONCHAIN_CHANNEL_L_BAND_AUD7,VOL_DONCHAIN_CHANNEL_L_BAND_AUD8,VOL_DONCHAIN_CHANNEL_L_BAND_AUD9,VOL_DONCHAIN_CHANNEL_L_BAND_AUD10,VOL_DONCHAIN_CHANNEL_L_BAND_AUD11,VOL_DONCHAIN_CHANNEL_L_BAND_AUD12,VOL_DONCHAIN_CHANNEL_L_BAND_AUD13,VOL_DONCHAIN_CHANNEL_L_BAND_AUD14,VOL_DONCHAIN_CHANNEL_L_BAND_AUD15,VOL_DONCHAIN_CHANNEL_L_BAND_AUD16,VOL_DONCHAIN_CHANNEL_L_BAND_AUD17,VOL_DONCHAIN_CHANNEL_L_BAND_AUD18,VOL_DONCHAIN_CHANNEL_L_BAND_AUD19,VOL_DONCHAIN_CHANNEL_L_BAND_AUD20,VOL_KELTNER_CHANNEL_CENTRAL_AUD1,VOL_KELTNER_CHANNEL_CENTRAL_AUD2,VOL_KELTNER_CHANNEL_CENTRAL_AUD3,VOL_KELTNER_CHANNEL_CENTRAL_AUD4,VOL_KELTNER_CHANNEL_CENTRAL_AUD5,VOL_KELTNER_CHANNEL_CENTRAL_AUD6,VOL_KELTNER_CHANNEL_CENTRAL_AUD7,VOL_KELTNER_CHANNEL_CENTRAL_AUD8,VOL_KELTNER_CHANNEL_CENTRAL_AUD9,VOL_KELTNER_CHANNEL_CENTRAL_AUD10,VOL_KELTNER_CHANNEL_CENTRAL_AUD11,VOL_KELTNER_CHANNEL_CENTRAL_AUD12,VOL_KELTNER_CHANNEL_CENTRAL_AUD13,VOL_KELTNER_CHANNEL_CENTRAL_AUD14,VOL_KELTNER_CHANNEL_CENTRAL_AUD15,VOL_KELTNER_CHANNEL_CENTRAL_AUD16,VOL_KELTNER_CHANNEL_CENTRAL_AUD17,VOL_KELTNER_CHANNEL_CENTRAL_AUD18,VOL_KELTNER_CHANNEL_CENTRAL_AUD19,VOL_KELTNER_CHANNEL_CENTRAL_AUD20,VOL_KELTNER_CHANNEL_H_BAND_AUD1,VOL_KELTNER_CHANNEL_H_BAND_AUD2,VOL_KELTNER_CHANNEL_H_BAND_AUD3,VOL_KELTNER_CHANNEL_H_BAND_AUD4,VOL_KELTNER_CHANNEL_H_BAND_AUD5,VOL_KELTNER_CHANNEL_H_BAND_AUD6,VOL_KELTNER_CHANNEL_H_BAND_AUD7,VOL_KELTNER_CHANNEL_H_BAND_AUD8,VOL_KELTNER_CHANNEL_H_BAND_AUD9,VOL_KELTNER_CHANNEL_H_BAND_AUD10,VOL_KELTNER_CHANNEL_H_BAND_AUD11,VOL_KELTNER_CHANNEL_H_BAND_AUD12,VOL_KELTNER_CHANNEL_H_BAND_AUD13,VOL_KELTNER_CHANNEL_H_BAND_AUD14,VOL_KELTNER_CHANNEL_H_BAND_AUD15,VOL_KELTNER_CHANNEL_H_BAND_AUD16,VOL_KELTNER_CHANNEL_H_BAND_AUD17,VOL_KELTNER_CHANNEL_H_BAND_AUD18,VOL_KELTNER_CHANNEL_H_BAND_AUD19,VOL_KELTNER_CHANNEL_H_BAND_AUD20,VOL_KELTNER_CHANNEL_L_BAND_AUD1,VOL_KELTNER_CHANNEL_L_BAND_AUD2,VOL_KELTNER_CHANNEL_L_BAND_AUD3,VOL_KELTNER_CHANNEL_L_BAND_AUD4,VOL_KELTNER_CHANNEL_L_BAND_AUD5,VOL_KELTNER_CHANNEL_L_BAND_AUD6,VOL_KELTNER_CHANNEL_L_BAND_AUD7,VOL_KELTNER_CHANNEL_L_BAND_AUD8,VOL_KELTNER_CHANNEL_L_BAND_AUD9,VOL_KELTNER_CHANNEL_L_BAND_AUD10,VOL_KELTNER_CHANNEL_L_BAND_AUD11,VOL_KELTNER_CHANNEL_L_BAND_AUD12,VOL_KELTNER_CHANNEL_L_BAND_AUD13,VOL_KELTNER_CHANNEL_L_BAND_AUD14,VOL_KELTNER_CHANNEL_L_BAND_AUD15,VOL_KELTNER_CHANNEL_L_BAND_AUD16,VOL_KELTNER_CHANNEL_L_BAND_AUD17,VOL_KELTNER_CHANNEL_L_BAND_AUD18,VOL_KELTNER_CHANNEL_L_BAND_AUD19,VOL_KELTNER_CHANNEL_L_BAND_AUD20,year_2011,year_2012,year_2015,year_2016,year_2017,y_test,y_pred,diff,diff_bid_close
6981,0.8816,0.8794,0.8805,-0.142,-0.065,0.406,0.002878867,0.002876153,0.002877583,0.002882815,0.002890835,0.002900644,0.002911446,0.00292266,0.00293388,0.002944832,0.002955341,0.002965297,0.002974639,0.002983339,0.002991392,0.880682843,0.880769989,0.88200362,0.882779552,0.883735,0.883521536,0.883260952,0.8831237,0.882982585,0.883247021,0.883173298,0.883224611,0.883232025,0.883109178,0.882986648,0.882957903,0.882855717,0.882736633,0.882920441,0.880117157,0.879763344,0.87739638,0.877420448,0.877331667,0.877649893,0.877739048,0.877942967,0.878097415,0.87726207,0.876993369,0.876498466,0.876082261,0.875957488,0.875863352,0.875571509,0.875688727,0.875758103,0.875809559,0.8805,0.8804,0.880266667,0.8797,0.8801,0.880533333,0.880585714,0.8805,0.880533333,0.88054,0.880254545,0.880083333,0.879861538,0.879657143,0.879533333,0.879425,0.879264706,0.879272222,0.879247368,0.879365,0.8805,0.8805,0.8805,0.8805,0.8817,0.8827,0.8827,0.8827,0.8827,0.8827,0.8827,0.8827,0.8827,0.8827,0.8827,0.8827,0.8827,0.8827,0.8827,0.8827,0.8805,0.8803,0.88,0.878,0.878,0.878,0.878,0.878,0.878,0.878,0.8774,0.8774,0.8772,0.877,0.877,0.877,0.8767,0.8767,0.8767,0.8767,0.8805,0.88045,0.880011111,0.879841667,0.880266667,0.880511111,0.880490476,0.880429167,0.880481481,0.880413333,0.880221212,0.879988889,0.879776923,0.879597619,0.879477778,0.879347917,0.879239216,0.879244444,0.879257895,0.879356667,0.8827,0.8829,0.882644444,0.883116667,0.883486667,0.883677778,0.883547619,0.883366667,0.883325926,0.883353333,0.883175758,0.882972222,0.882692308,0.882361905,0.882057778,0.881916667,0.881892157,0.881905556,0.881973684,0.882051667,0.8783,0.878,0.877377778,0.876566667,0.877046667,0.877344444,0.877433333,0.877491667,0.877637037,0.877473333,0.877266667,0.877005556,0.876861538,0.876833333,0.876897778,0.876779167,0.876586275,0.876583333,0.876542105,0.876661667,0,0,0,0,0,8856,8806.291514,49.70848574,51
3293,1.0211,1.0177,1.018,0,0,0.895,0.003809114,0.004186024,0.004505658,0.004773339,0.004996043,0.005180833,0.005334143,0.005461529,0.005567654,0.005656365,0.005730808,0.005793546,0.005846659,0.005891839,0.005930463,1.023742641,1.023556589,1.023368116,1.023353373,1.024110202,1.02851293,1.029072711,1.02858804,1.028266529,1.028188827,1.027883814,1.027666152,1.027426994,1.027244571,1.027043039,1.028025146,1.028081395,1.028970667,1.034856391,1.015257359,1.016510077,1.017231884,1.017686627,1.017723132,1.015515641,1.015902289,1.016234183,1.016613471,1.01697481,1.01694952,1.017195387,1.017344434,1.017528762,1.017581961,1.017280736,1.017463049,1.017218807,1.008703609,1.018,1.0195,1.020033333,1.0203,1.02052,1.020916667,1.022014286,1.0224875,1.022411111,1.02244,1.022581818,1.022416667,1.022430769,1.022385714,1.022386667,1.0223125,1.022652941,1.022772222,1.023094737,1.02178,1.018,1.021,1.0211,1.0211,1.0214,1.0229,1.0286,1.0286,1.0286,1.0286,1.0286,1.0286,1.0286,1.0286,1.0286,1.0286,1.0286,1.0286,1.0289,1.0289,1.018,1.018,1.018,1.018,1.018,1.018,1.018,1.018,1.018,1.018,1.018,1.018,1.018,1.018,1.018,1.018,1.018,1.018,1.018,0.9968,1.018933333,1.019966667,1.020344444,1.020541667,1.020713333,1.021266667,1.022290476,1.022554167,1.022481481,1.0225,1.022539394,1.022513889,1.022494872,1.022316667,1.022311111,1.022383333,1.022666667,1.022848148,1.022663158,1.021368333,1.022333333,1.021666667,1.021477778,1.021416667,1.022213333,1.02405,1.025804762,1.026479167,1.026337037,1.0263,1.026393939,1.026605556,1.026733333,1.026895238,1.027137778,1.027420833,1.027707843,1.027987037,1.029473684,1.028133333,1.015533333,1.018266667,1.019211111,1.019666667,1.019213333,1.018483333,1.01877619,1.018629167,1.018625926,1.0187,1.018684848,1.018422222,1.01825641,1.017738095,1.017484444,1.017345833,1.01762549,1.017709259,1.015852632,1.014603333,1,0,0,0,0,10251,10202.19812,48.80188194,71
727,0.8175,0.808,0.8095,-0.099,0.959,0.722,0.007137412,0.007049161,0.006991183,0.006952989,0.006928227,0.00691305,0.006905054,0.006902649,0.006904704,0.006910353,0.00691889,0.006929717,0.006942317,0.00695624,0.006971094,0.823856602,0.821798022,0.821553177,0.820887693,0.820482717,0.823837531,0.825962298,0.827208166,0.827998398,0.828950314,0.832137682,0.840235236,0.844770937,0.848165641,0.850080797,0.850880228,0.853332026,0.855829681,0.85781963,0.802643398,0.806068644,0.807646823,0.808712307,0.80778395,0.80679104,0.806637702,0.806925168,0.807361602,0.807667867,0.806695651,0.802580148,0.801271921,0.800741026,0.801019203,0.801743301,0.801645752,0.801517687,0.80165037,0.8095,0.81325,0.813933333,0.8146,0.8148,0.814133333,0.815314286,0.8163,0.817066667,0.81768,0.818309091,0.819416667,0.821407692,0.823021429,0.824453333,0.82555,0.826311765,0.827488889,0.828673684,0.829735,0.8095,0.817,0.817,0.817,0.817,0.817,0.8224,0.8232,0.8232,0.8232,0.8246,0.8316,0.8453,0.8453,0.8453,0.8453,0.8453,0.8475,0.85,0.85,0.8095,0.8095,0.8095,0.8095,0.8095,0.8095,0.8095,0.8095,0.8095,0.8095,0.8095,0.8095,0.8095,0.8095,0.8095,0.8095,0.8095,0.8095,0.8095,0.8095,0.811666667,0.814416667,0.815222222,0.815316667,0.81506,0.814933333,0.815942857,0.81685,0.817555556,0.818113333,0.818924242,0.820308333,0.822241026,0.823780952,0.825117778,0.8261625,0.827021569,0.82817963,0.829322807,0.830265,0.821166667,0.822516667,0.823222222,0.822766667,0.82256,0.8234,0.823828571,0.82375,0.823688889,0.824053333,0.825133333,0.827333333,0.829064103,0.830345238,0.831524444,0.832625,0.83377451,0.83482963,0.835870175,0.836855,0.802166667,0.806316667,0.807222222,0.807866667,0.80756,0.806466667,0.808057143,0.80995,0.811422222,0.812173333,0.812715152,0.813283333,0.815417949,0.817216667,0.818711111,0.8197,0.820268627,0.82152963,0.822775439,0.823675,0,0,0,0,0,8177,8129.093092,47.90690771,82
7212,0.9038,0.9015,0.9034,0.286,0.509,0.011,0.002571628,0.002604535,0.002637637,0.002669258,0.002698598,0.002725392,0.002749662,0.002771574,0.002791351,0.002809228,0.002825434,0.002840176,0.002853639,0.002865988,0.002877365,0.903857107,0.904038876,0.903809886,0.903719804,0.903796771,0.903938606,0.904469906,0.904357241,0.904443967,0.904993668,0.906113851,0.907010105,0.907621522,0.908068664,0.90949735,0.91113999,0.911477442,0.911803717,0.911941776,0.902442893,0.901627791,0.901840114,0.901680196,0.901236563,0.901318537,0.901180094,0.901131648,0.901216033,0.901042696,0.900519482,0.90020528,0.900092764,0.900078003,0.89945265,0.898742363,0.898855892,0.898964704,0.899138224,0.9034,0.90315,0.902833333,0.902825,0.9027,0.902516667,0.902628571,0.902825,0.902744444,0.90283,0.903018182,0.903316667,0.903607692,0.903857143,0.904073333,0.904475,0.904941176,0.905166667,0.905384211,0.90554,0.9034,0.9034,0.9034,0.9034,0.9034,0.9034,0.9034,0.9042,0.9042,0.9042,0.9049,0.9066,0.9071,0.9071,0.9071,0.9105,0.9124,0.9124,0.9124,0.9124,0.9034,0.9029,0.9022,0.9022,0.9022,0.9016,0.9016,0.9016,0.9016,0.9016,0.9016,0.9016,0.9016,0.9016,0.9016,0.9016,0.9016,0.9016,0.9016,0.9016,0.9029,0.903066667,0.902888889,0.902775,0.902586667,0.902488889,0.902628571,0.9027875,0.902803704,0.90295,0.903078788,0.903372222,0.903658974,0.903871429,0.904137778,0.904575,0.904962745,0.905177778,0.905377193,0.905556667,0.9052,0.905816667,0.905322222,0.905375,0.904966667,0.904938889,0.905028571,0.905325,0.905359259,0.90559,0.90569697,0.905772222,0.905874359,0.906028571,0.906491111,0.9070125,0.907533333,0.907711111,0.908008772,0.908166667,0.9006,0.900316667,0.900455556,0.900175,0.900206667,0.900038889,0.900228571,0.90025,0.900248148,0.90031,0.900460606,0.900972222,0.90144359,0.901714286,0.901784444,0.9021375,0.902392157,0.902644444,0.902745614,0.902946667,0,0,0,0,0,8982,9029.679282,47.67928171,52
848,0.8491,0.8422,0.8473,0.886,-0.346,0.873,0.006963023,0.006945892,0.006908737,0.006860825,0.00680796,0.006753613,0.006699789,0.006647605,0.006597651,0.006550213,0.0065054,0.00646322,0.006423627,0.006386542,0.006351874,0.848065685,0.849905771,0.851224921,0.850837355,0.851544484,0.851820471,0.852649623,0.853165539,0.853886246,0.85320245,0.853297673,0.853378698,0.855669456,0.856498233,0.856560105,0.856649271,0.857070856,0.858215335,0.8594558,0.846934315,0.843160896,0.843275079,0.843882645,0.841588849,0.839836672,0.837075377,0.834656683,0.831793754,0.832070277,0.83263566,0.833144379,0.832530544,0.8327551,0.833227395,0.833656612,0.833951366,0.833879402,0.8337542,0.8473,0.8475,0.846533333,0.84725,0.84736,0.846566667,0.845828571,0.8448625,0.843911111,0.84284,0.842636364,0.842966667,0.843261538,0.8441,0.844626667,0.84489375,0.845152941,0.845511111,0.846047368,0.846605,0.8473,0.8477,0.8477,0.8494,0.8494,0.8494,0.8494,0.8494,0.8494,0.8494,0.8494,0.8494,0.8494,0.855,0.855,0.855,0.855,0.855,0.8557,0.8572,0.8473,0.8473,0.8446,0.8446,0.8446,0.8426,0.8414,0.8381,0.8363,0.8332,0.8332,0.8332,0.8332,0.8332,0.8332,0.8332,0.8332,0.8332,0.8332,0.8332,0.8462,0.846483333,0.846455556,0.846808333,0.84648,0.845416667,0.844642857,0.84365,0.842707407,0.842056667,0.842081818,0.842425,0.842935897,0.843704762,0.844195556,0.84448125,0.844770588,0.845207407,0.84577193,0.846435,0.8531,0.852733333,0.853022222,0.853133333,0.85316,0.852466667,0.851857143,0.8507125,0.849696296,0.849406667,0.849563636,0.849733333,0.850666667,0.851304762,0.851555556,0.85168125,0.851941176,0.852274074,0.85267193,0.853445,0.8393,0.840233333,0.839888889,0.840483333,0.8398,0.838366667,0.837428571,0.8365875,0.835718519,0.834706667,0.8346,0.835116667,0.835205128,0.836104762,0.836835556,0.83728125,0.8376,0.838140741,0.83887193,0.839425,0,0,0,0,0,8421,8467.367055,46.36705542,52
9631,0.7204,0.7124,0.7134,-0.642,0.908,-0.824,0.007147437,0.006790153,0.006489672,0.006234478,0.006015705,0.005826608,0.005661989,0.005517764,0.005390673,0.005278077,0.005177822,0.00508813,0.005007528,0.004934785,0.004868871,0.726225231,0.72491847,0.727189424,0.727865709,0.729023461,0.732711943,0.735347717,0.736893553,0.738188518,0.739597932,0.739831534,0.739786241,0.739503954,0.739949834,0.740460319,0.740418537,0.740166892,0.740539332,0.740901627,0.707274769,0.71028153,0.710810576,0.711814291,0.712376539,0.711488057,0.711302283,0.711662003,0.712071482,0.712365705,0.713068466,0.71375222,0.714367474,0.714796832,0.715164681,0.715652051,0.716088664,0.71639751,0.716688373,0.7134,0.71675,0.7176,0.719,0.71984,0.7207,0.7221,0.723325,0.724277778,0.72513,0.725981818,0.72645,0.726769231,0.726935714,0.727373333,0.7278125,0.728035294,0.728127778,0.728468421,0.728795,0.7134,0.7201,0.7201,0.7232,0.7232,0.725,0.7305,0.7319,0.7319,0.7328,0.7345,0.7345,0.7345,0.7345,0.7345,0.7345,0.7345,0.7345,0.7346,0.735,0.7134,0.7134,0.7134,0.7134,0.7134,0.7134,0.7134,0.7134,0.7134,0.7134,0.7134,0.7134,0.7134,0.7134,0.7134,0.7134,0.7134,0.7134,0.7134,0.7134,0.7154,0.718133333,0.717466667,0.719158333,0.719913333,0.721027778,0.722304762,0.723504167,0.724451852,0.725333333,0.726112121,0.726541667,0.726841026,0.727104762,0.727542222,0.7279375,0.728133333,0.728287037,0.728626316,0.728968333,0.7234,0.725783333,0.728866667,0.729083333,0.729053333,0.729911111,0.730404762,0.730591667,0.731107407,0.731663333,0.73230303,0.732516667,0.732610256,0.732854762,0.733035556,0.733425,0.733521569,0.733742593,0.733889474,0.734118333,0.7074,0.710483333,0.706066667,0.709233333,0.710773333,0.712144444,0.714204762,0.716416667,0.717796296,0.719003333,0.719921212,0.720566667,0.721071795,0.721354762,0.722048889,0.72245,0.722745098,0.722831481,0.723363158,0.723818333,0,0,1,0,0,7209,7163.544201,45.45579889,75
3419,1.0082,1.0042,1.0074,0.97,0.933,0.982,0.004244134,0.004153226,0.004064229,0.003985234,0.003919108,0.003866116,0.003825333,0.00379537,0.003774742,0.003762036,0.003755984,0.003755483,0.003759589,0.003767502,0.003778549,1.007974264,1.010176207,1.009759241,1.009936902,1.009875626,1.018397547,1.020116038,1.020327287,1.02092545,1.021108885,1.02121579,1.021234757,1.021261173,1.021123267,1.02096973,1.02113539,1.021174547,1.021197067,1.021206835,1.007125736,1.00609046,1.006390759,1.006583098,1.006791041,1.001431025,1.001483962,1.002139379,1.00257455,1.003091115,1.003567543,1.004011397,1.004410256,1.0047834,1.00511777,1.005382257,1.005658786,1.005918722,1.006163165,1.0074,1.00755,1.008133333,1.008075,1.00826,1.008333333,1.009914286,1.0108,1.011233333,1.01175,1.0121,1.012391667,1.012623077,1.012835714,1.012953333,1.01304375,1.013258824,1.013416667,1.013557895,1.013685,1.0074,1.0077,1.0093,1.0093,1.0093,1.0093,1.0194,1.0194,1.0194,1.0194,1.0194,1.0194,1.0194,1.0194,1.0194,1.0194,1.0194,1.0194,1.0194,1.0194,1.0074,1.0074,1.0074,1.0074,1.0074,1.0074,1.0074,1.0074,1.0074,1.0074,1.0074,1.0074,1.0074,1.0074,1.0074,1.0074,1.0074,1.0074,1.0074,1.0074,1.0066,1.007433333,1.007933333,1.007775,1.008053333,1.008683333,1.010133333,1.0109125,1.011425926,1.011873333,1.012233333,1.012491667,1.012728205,1.012914286,1.013026667,1.013145833,1.013345098,1.013494444,1.013631579,1.013755,1.0106,1.011083333,1.011533333,1.011925,1.011993333,1.0142,1.015361905,1.01595,1.01627037,1.016663333,1.016869697,1.016941667,1.017028205,1.017035714,1.01702,1.017102083,1.017168627,1.01715,1.017157895,1.017165,1.0026,1.003783333,1.004333333,1.003625,1.004113333,1.003166667,1.004904762,1.005875,1.006581481,1.007083333,1.00759697,1.008041667,1.008428205,1.008792857,1.009033333,1.009189583,1.009521569,1.009838889,1.010105263,1.010345,1,0,0,0,0,10127,10083.30511,43.69488555,53
3157,1.0413,1.035,1.0409,0.665,-0.921,0.893,0.005624857,0.00591386,0.006145278,0.006328393,0.006472414,0.006585333,0.006673709,0.006742782,0.006796686,0.006838665,0.006871257,0.006896453,0.006915815,0.006930573,0.006941699,1.043368377,1.042546999,1.041832345,1.041501275,1.041811088,1.041848316,1.041756789,1.041954526,1.041967822,1.042109975,1.042516256,1.044013416,1.045891201,1.047681476,1.047192326,1.046781393,1.046569484,1.046215136,1.045961011,1.035731623,1.035053001,1.035017655,1.035538725,1.034088912,1.034465969,1.034793211,1.03500103,1.035232178,1.035399116,1.034233744,1.031371199,1.027680227,1.023798524,1.024020174,1.023865665,1.024274961,1.024532232,1.024848989,1.0409,1.03955,1.0388,1.038425,1.03852,1.03795,1.038157143,1.038275,1.038477778,1.0386,1.038754545,1.038375,1.037692308,1.036785714,1.03574,1.03560625,1.035323529,1.035422222,1.035373684,1.035405,1.0409,1.0409,1.0409,1.0409,1.0409,1.0409,1.0409,1.0409,1.0409,1.0409,1.0409,1.0409,1.0409,1.0409,1.0409,1.0409,1.0409,1.0409,1.0409,1.0409,1.0409,1.0382,1.0373,1.0373,1.0373,1.0351,1.0351,1.0351,1.0351,1.0351,1.0351,1.0342,1.0295,1.025,1.0211,1.0211,1.0211,1.0211,1.0211,1.0211,1.039066667,1.038383333,1.038022222,1.038025,1.037786667,1.037688889,1.03782381,1.037916667,1.038222222,1.038473333,1.038354545,1.038155556,1.037289744,1.036335714,1.035602222,1.035433333,1.035303922,1.035366667,1.03545614,1.03542,1.045366667,1.042283333,1.040622222,1.041175,1.042186667,1.042838889,1.042880952,1.042891667,1.0433,1.043513333,1.044172727,1.044780556,1.044297436,1.0432,1.042962222,1.042752083,1.042892157,1.042877778,1.043029825,1.042875,1.032766667,1.034483333,1.035422222,1.034875,1.033386667,1.032538889,1.032766667,1.032941667,1.033144444,1.033433333,1.032536364,1.031530556,1.030282051,1.029471429,1.028242222,1.028114583,1.027715686,1.027855556,1.027882456,1.027965,1,0,0,0,0,10351,10394.12478,43.12477699,58
4191,0.9795,0.9736,0.9791,0.879,0.359,0.948,0.005095301,0.005069443,0.005055726,0.005047965,0.005042793,0.005038503,0.005034294,0.005029834,0.005025022,0.00501986,0.005014392,0.00500867,0.005002742,0.004996646,0.004990412,0.981568377,0.983222882,0.982144887,0.980976425,0.980834932,0.980859824,0.981259581,0.9805358,0.979906198,0.979370648,0.978911268,0.978509929,0.978150275,0.977819789,0.977766524,0.977511198,0.977256305,0.977291817,0.977404298,0.973931623,0.968243785,0.967155113,0.967663575,0.965998401,0.964111605,0.961565419,0.9620642,0.962373802,0.962647534,0.962905398,0.963136225,0.96313544,0.963166878,0.962508476,0.962735861,0.962677029,0.96291871,0.963125702,0.9791,0.97775,0.975733333,0.97465,0.97432,0.973416667,0.972485714,0.9714125,0.9713,0.97114,0.971009091,0.970908333,0.970823077,0.970642857,0.970493333,0.9701375,0.970123529,0.969966667,0.970105263,0.970265,0.9791,0.9791,0.9791,0.9791,0.9791,0.9791,0.9791,0.9791,0.9791,0.9791,0.9791,0.9791,0.9791,0.9791,0.9791,0.9791,0.9791,0.9791,0.9791,0.9791,0.9791,0.9764,0.9717,0.9714,0.9714,0.9689,0.9669,0.9639,0.9639,0.9639,0.9639,0.9639,0.9639,0.9639,0.9639,0.9639,0.9639,0.9639,0.9639,0.9639,0.9774,0.976133333,0.974755556,0.973933333,0.973553333,0.972561111,0.971580952,0.970825,0.970655556,0.97056,0.970481818,0.970425,0.970323077,0.970147619,0.969882222,0.9696375,0.969590196,0.969518519,0.969747368,0.969871667,0.9833,0.982083333,0.979888889,0.979083333,0.978933333,0.977894444,0.976809524,0.9764125,0.976055556,0.97542,0.9749,0.974475,0.974376923,0.974361905,0.974768889,0.974675,0.974531373,0.974674074,0.974894737,0.975151667,0.9715,0.970183333,0.969622222,0.968783333,0.968173333,0.967227778,0.966352381,0.9652375,0.965255556,0.9657,0.966063636,0.966375,0.966269231,0.965933333,0.964995556,0.9646,0.96464902,0.964362963,0.9646,0.964591667,0,1,0,0,0,9722,9764.475192,42.47519198,69
10201,0.7308,0.7285,0.7306,0.391,0.797,-0.05,0.002377751,0.002395868,0.002413169,0.002431516,0.002451525,0.002473179,0.00249617,0.002520095,0.002544545,0.002569157,0.002593621,0.00261769,0.002641172,0.002663924,0.002685843,0.732519848,0.731978961,0.731452456,0.731000455,0.730743059,0.730583282,0.730347828,0.730330722,0.730595247,0.731019913,0.731318774,0.73148394,0.731405937,0.731161313,0.730937821,0.730738225,0.730564264,0.730379969,0.730224413,0.726580152,0.725821039,0.725597544,0.725719545,0.725523608,0.725216718,0.725252172,0.724802612,0.723864753,0.722616451,0.721497893,0.720562214,0.720065491,0.72005202,0.720037179,0.719991187,0.719902403,0.719956873,0.719895587,0.7306,0.72955,0.7289,0.728525,0.72836,0.728133333,0.7279,0.7278,0.727566667,0.72723,0.726818182,0.726408333,0.726023077,0.725735714,0.725606667,0.7254875,0.725364706,0.725233333,0.725168421,0.72506,0.7306,0.7306,0.7306,0.7306,0.7306,0.7306,0.7306,0.7306,0.7306,0.7306,0.7306,0.7306,0.7306,0.7306,0.7306,0.7306,0.7306,0.7306,0.7306,0.7306,0.7306,0.7285,0.7276,0.7274,0.7274,0.727,0.7265,0.7265,0.7257,0.7242,0.7227,0.7219,0.7214,0.7214,0.7214,0.7214,0.7214,0.7214,0.7214,0.7214,0.729966667,0.72915,0.7287,0.728225,0.727953333,0.727755556,0.7276,0.727495833,0.727240741,0.726876667,0.726512121,0.726122222,0.725782051,0.725569048,0.725428889,0.725291667,0.725152941,0.725051852,0.724984211,0.724885,0.732266667,0.73095,0.730566667,0.730525,0.730573333,0.730255556,0.730042857,0.729983333,0.729662963,0.729276667,0.728975758,0.728547222,0.728228205,0.728054762,0.727855556,0.727666667,0.727494118,0.727418519,0.727347368,0.7273,0.727666667,0.72735,0.726833333,0.725925,0.725333333,0.725255556,0.725157143,0.725008333,0.724818519,0.724476667,0.724048485,0.723697222,0.723335897,0.723083333,0.723002222,0.722916667,0.722811765,0.722685185,0.722621053,0.72247,0,0,1,0,0,7250,7292.016214,42.01621406,56
6004,0.9258,0.9214,0.9244,0.334,0.914,0.786,0.006155767,0.006266272,0.006330414,0.006366461,0.006385661,0.006394831,0.006398064,0.006397802,0.006395491,0.006391972,0.006387729,0.006383025,0.006378001,0.006372721,0.00636721,0.925314214,0.9249,0.926618976,0.926544076,0.926325447,0.926491709,0.926730459,0.927572118,0.92915732,0.945987535,0.951678697,0.955501261,0.957816631,0.959167029,0.960548761,0.961820057,0.962339235,0.962585404,0.963627091,0.922485786,0.9229,0.919431024,0.918295924,0.917541219,0.916136862,0.916519541,0.916583437,0.91622268,0.905248829,0.903637969,0.903252585,0.903654798,0.904432971,0.905126239,0.905803473,0.906694099,0.907593543,0.908172909,0.9244,0.9239,0.9239,0.923025,0.92242,0.921933333,0.921314286,0.921625,0.922077778,0.92269,0.925618182,0.927658333,0.929376923,0.930735714,0.9318,0.9328375,0.933811765,0.934516667,0.935089474,0.9359,0.9244,0.9244,0.9244,0.9244,0.9244,0.9244,0.9244,0.9244,0.9257,0.9282,0.9549,0.9549,0.9549,0.9549,0.9549,0.9549,0.9549,0.9549,0.9549,0.9549,0.9244,0.9234,0.9234,0.9204,0.92,0.9195,0.9176,0.9176,0.9176,0.9176,0.9176,0.9176,0.9176,0.9176,0.9176,0.9176,0.9176,0.9176,0.9176,0.9176,0.923866667,0.92345,0.923066667,0.922116667,0.921606667,0.9213,0.921080952,0.921579167,0.922166667,0.9236,0.92629697,0.928266667,0.929933333,0.931195238,0.932208889,0.933235417,0.934143137,0.9348,0.935442105,0.936233333,0.928266667,0.9279,0.927833333,0.926741667,0.926646667,0.926633333,0.926980952,0.927416667,0.928188889,0.93197,0.934387879,0.935991667,0.93735641,0.938359524,0.939262222,0.940029167,0.94092549,0.941427778,0.942131579,0.942733333,0.919466667,0.919,0.9183,0.917491667,0.916566667,0.915966667,0.915180952,0.915741667,0.916144444,0.91523,0.918206061,0.920541667,0.922510256,0.924030952,0.925155556,0.926441667,0.927360784,0.928172222,0.928752632,0.929733333,0,0,0,0,0,9189,9230.221149,41.22114914,55
5377,1.0337,1.0309,1.0329,0.793,0.494,-0.055,0.003281648,0.003306195,0.003318901,0.003323852,0.003323591,0.003319736,0.003313352,0.003305178,0.00329574,0.003285424,0.003274524,0.003263259,0.0032518,0.003240277,0.003228788,1.033357107,1.03322915,1.034173504,1.03386974,1.033811572,1.033701963,1.03353831,1.035127712,1.03597398,1.037851054,1.03983016,1.040868285,1.041921902,1.042672737,1.044352135,1.045309464,1.045769888,1.046324278,1.046608564,1.031942893,1.03217085,1.030276496,1.03041026,1.030021761,1.029783751,1.02976169,1.029005621,1.02882602,1.028021673,1.027253173,1.027131715,1.027006669,1.027047263,1.026547865,1.0265023,1.026696778,1.026833617,1.027071436,1.0329,1.03265,1.0327,1.032225,1.03214,1.031916667,1.031742857,1.03165,1.032066667,1.0324,1.032936364,1.033541667,1.034,1.034464286,1.03486,1.03545,1.035905882,1.036233333,1.036578947,1.03684,1.0329,1.0329,1.0329,1.0329,1.0329,1.0329,1.0329,1.0329,1.0354,1.0354,1.0383,1.0402,1.0402,1.0405,1.0405,1.0443,1.0443,1.0443,1.0443,1.0443,1.0329,1.0324,1.0324,1.0308,1.0308,1.0308,1.0307,1.0307,1.0307,1.0307,1.0307,1.0307,1.0307,1.0307,1.0307,1.0307,1.0307,1.0307,1.0307,1.0307,1.0325,1.032416667,1.032288889,1.032,1.031886667,1.031794444,1.031647619,1.031695833,1.03207037,1.032516667,1.033133333,1.033644444,1.034079487,1.034569048,1.035031111,1.03560625,1.036033333,1.036372222,1.036707018,1.036983333,1.0353,1.035316667,1.035188889,1.035075,1.034926667,1.034861111,1.034704762,1.035158333,1.03537037,1.036066667,1.036687879,1.037269444,1.03765641,1.038054762,1.038677778,1.0392125,1.039603922,1.039866667,1.040164912,1.040423333,1.0297,1.029516667,1.029388889,1.028925,1.028846667,1.028727778,1.028590476,1.028233333,1.02877037,1.028966667,1.029578788,1.030019444,1.030502564,1.031083333,1.031384444,1.032,1.032462745,1.032877778,1.033249123,1.033543333,0,0,0,0,0,10278,10319.18646,41.18645719,51
2108,1.012,1.0079,1.0091,0.341,0.435,0.786,0.003862285,0.003858993,0.003881029,0.003920159,0.003969603,0.004024266,0.004080543,0.004136014,0.004189131,0.004238976,0.004285062,0.004327197,0.004365383,0.004399743,0.004430473,1.01197132,1.011391648,1.011219901,1.011780088,1.012438436,1.012356311,1.012504757,1.012989377,1.013736594,1.013587857,1.013715851,1.013618647,1.013488383,1.01376098,1.014604941,1.015526639,1.015947118,1.016049887,1.016036127,1.00772868,1.007675019,1.007180099,1.007259912,1.007261564,1.007529403,1.007695243,1.006410623,1.004603406,1.004212143,1.003317483,1.002842891,1.00246876,1.001372353,0.999345059,0.997085126,0.995497326,0.994413271,0.993543873,1.0091,1.00985,1.009533333,1.0092,1.00952,1.00985,1.009942857,1.0101,1.0097,1.00917,1.0089,1.008516667,1.008230769,1.007978571,1.007566667,1.006975,1.006305882,1.005722222,1.005231579,1.00479,1.0091,1.0106,1.0106,1.0106,1.0108,1.0115,1.0115,1.0115,1.0115,1.0115,1.0115,1.0115,1.0115,1.0115,1.0115,1.0115,1.0115,1.0115,1.0115,1.0115,1.0091,1.0091,1.0089,1.0082,1.0082,1.0082,1.0082,1.0082,1.0065,1.0044,1.0044,1.0043,1.0043,1.0043,1.0018,0.9981,0.9956,0.9956,0.9956,0.9956,1.009666667,1.00985,1.009544444,1.009291667,1.009586667,1.009788889,1.009980952,1.009954167,1.009474074,1.009003333,1.008693939,1.008336111,1.008089744,1.007771429,1.007302222,1.00668125,1.005984314,1.005425926,1.004950877,1.004503333,1.013766667,1.01435,1.013777778,1.013716667,1.013586667,1.013638889,1.013666667,1.013866667,1.013307407,1.012743333,1.012366667,1.011927778,1.011666667,1.011335714,1.010882222,1.0102875,1.009560784,1.008825926,1.00817193,1.007693333,1.005566667,1.00535,1.005311111,1.004866667,1.005586667,1.005938889,1.006295238,1.006041667,1.005640741,1.005263333,1.005021212,1.004744444,1.004512821,1.004207143,1.003722222,1.003075,1.002407843,1.002025926,1.001729825,1.001313333,1,0,0,0,0,10142,10101.12674,40.87326282,51
3272,1.0086,0.9993,1.0061,0.928,-0.544,0.388,0.007235639,0.007105647,0.006981546,0.006867768,0.006765833,0.006675725,0.0065967,0.006527719,0.00646768,0.006415516,0.006370255,0.006331025,0.006297061,0.006267697,0.006242354,1.011859545,1.009042663,1.008085573,1.007499816,1.007015951,1.009390055,1.009137764,1.00876814,1.008016561,1.0073282,1.007681691,1.007668438,1.00793778,1.010031443,1.011225699,1.011711523,1.01181417,1.011684304,1.01145342,0.994040455,0.99629067,0.995464427,0.994460184,0.993584049,0.987867088,0.986062236,0.98463186,0.985243439,0.985235437,0.983034975,0.981470024,0.979405077,0.97438189,0.970461801,0.967582594,0.965352497,0.963578854,0.96204658,1.0061,1.00295,1.002666667,1.001775,1.00098,1.0003,0.998628571,0.9976,0.9967,0.99663,0.996281818,0.995358333,0.994569231,0.993671429,0.992206667,0.99084375,0.989647059,0.988583333,0.987631579,0.98675,1.0061,1.0061,1.0061,1.0061,1.0061,1.0061,1.0061,1.0061,1.0061,1.0061,1.0061,1.0061,1.0061,1.0061,1.0061,1.0061,1.0061,1.0061,1.0061,1.0061,1.0061,0.9998,0.9998,0.9991,0.9978,0.9969,0.9886,0.9886,0.9886,0.9886,0.9886,0.9852,0.9851,0.982,0.9717,0.9704,0.9704,0.9704,0.9704,0.97,1.004666667,1.002783333,1.002211111,1.002008333,1.000913333,0.999766667,0.998209524,0.997133333,0.996562963,0.99639,0.995806061,0.994913889,0.994033333,0.992947619,0.991508889,0.990191667,0.989033333,0.988003704,0.987036842,0.986285,1.013966667,1.009683333,1.009044444,1.009708333,1.008433333,1.007633333,1.005838095,1.004408333,1.003996296,1.00369,1.003451515,1.002530556,1.001687179,1.000847619,0.998975556,0.997197917,0.995627451,0.994231481,0.993084211,0.99246,0.995366667,0.995883333,0.995377778,0.994308333,0.993393333,0.9919,0.990580952,0.989858333,0.98912963,0.98909,0.988160606,0.987297222,0.986379487,0.985047619,0.984042222,0.983185417,0.982439216,0.981775926,0.980989474,0.98011,1,0,0,0,0,9993,10033.31636,40.31635513,68
3724,1.0856,1.0798,1.0827,0.896,0.591,0.367,0.004191,0.004172698,0.004157393,0.004145727,0.004137737,0.004133082,0.004131261,0.004131743,0.004134036,0.004137711,0.004142411,0.004147847,0.004153788,0.004160051,0.004166496,1.084162742,1.083810707,1.083413613,1.084755515,1.084993958,1.084733212,1.084235978,1.083802777,1.083443609,1.083222778,1.082946691,1.084285675,1.085234178,1.085339431,1.085506702,1.085180449,1.084911549,1.084667561,1.084415397,1.079637258,1.078922626,1.078686387,1.075484485,1.073672709,1.072809646,1.072739022,1.072997223,1.072976391,1.072649949,1.072853309,1.070068171,1.06763725,1.066460569,1.065168298,1.064913669,1.064566229,1.064206124,1.063914603,1.0827,1.0819,1.081366667,1.08105,1.08012,1.079333333,1.078771429,1.0784875,1.0784,1.07821,1.077936364,1.0779,1.077176923,1.076435714,1.0759,1.0753375,1.075047059,1.074738889,1.074436842,1.074165,1.0827,1.0827,1.0827,1.0827,1.0827,1.0827,1.0827,1.0827,1.0827,1.0827,1.0827,1.0827,1.0827,1.0827,1.0827,1.0827,1.0827,1.0827,1.0827,1.0827,1.0827,1.0811,1.0803,1.0801,1.0764,1.0754,1.0754,1.0754,1.0754,1.0754,1.0752,1.0752,1.0685,1.0668,1.0668,1.0668,1.0668,1.0668,1.0668,1.0668,1.0827,1.081833333,1.081455556,1.08085,1.079853333,1.079066667,1.078657143,1.078441667,1.078292593,1.078026667,1.077845455,1.077538889,1.076764103,1.076054762,1.075526667,1.075054167,1.074743137,1.074455556,1.074168421,1.07391,1.0885,1.086033333,1.085122222,1.0849,1.084093333,1.083433333,1.082914286,1.082554167,1.082303704,1.081936667,1.081736364,1.082088889,1.081279487,1.080597619,1.079966667,1.079604167,1.079207843,1.078705556,1.078194737,1.077735,1.0769,1.077633333,1.077788889,1.0768,1.075613333,1.0747,1.0744,1.074329167,1.074281481,1.074116667,1.073954545,1.072988889,1.072248718,1.071511905,1.071086667,1.070504167,1.070278431,1.070205556,1.070142105,1.070085,0,1,0,0,0,10774,10814.17914,40.17913646,53
980,0.9017,0.897,0.8971,0.869,-0.406,0.802,0.00443088,0.004440757,0.00444452,0.004445609,0.004446098,0.004447112,0.004449174,0.004452456,0.004456941,0.004462515,0.004469032,0.004476336,0.004484282,0.004492741,0.004501601,0.900545584,0.900206486,0.901687982,0.901928558,0.902898133,0.903930219,0.903873317,0.904763265,0.905707786,0.905539974,0.905216871,0.904818139,0.904447598,0.904225531,0.904549975,0.904748335,0.905692572,0.906437535,0.906552008,0.895454416,0.89626018,0.895962018,0.896311442,0.896235201,0.896126923,0.895401683,0.89308118,0.890472214,0.889641844,0.889233129,0.889197246,0.889238116,0.888867803,0.889087525,0.889334018,0.889207428,0.889194044,0.889447992,0.8971,0.898,0.898233333,0.898825,0.89912,0.899566667,0.900028571,0.8996375,0.898922222,0.89809,0.897590909,0.897225,0.897007692,0.896842857,0.896546667,0.89681875,0.897041176,0.89745,0.897815789,0.898,0.8971,0.8989,0.8989,0.9006,0.9006,0.9018,0.9028,0.9028,0.9028,0.9028,0.9028,0.9028,0.9028,0.9028,0.9028,0.9028,0.9028,0.9044,0.9044,0.9044,0.8971,0.8971,0.8971,0.8971,0.8971,0.8971,0.8971,0.8969,0.8932,0.8906,0.8906,0.8906,0.8906,0.8906,0.8906,0.8906,0.8906,0.8906,0.8906,0.8906,0.8986,0.898716667,0.898933333,0.899358333,0.8995,0.899905556,0.900066667,0.899516667,0.898759259,0.898036667,0.897551515,0.897197222,0.897010256,0.896816667,0.896744444,0.8970375,0.89732549,0.89772037,0.898019298,0.8982,0.9033,0.902566667,0.9031,0.903408333,0.90384,0.904255556,0.904809524,0.904204167,0.903337037,0.902516667,0.901887879,0.901563889,0.901448718,0.901238095,0.901551111,0.90169375,0.902037255,0.902431481,0.902682456,0.90274,0.8939,0.894866667,0.894766667,0.895308333,0.89516,0.895555556,0.89532381,0.894829167,0.894181481,0.893556667,0.893215152,0.892830556,0.892571795,0.892395238,0.891937778,0.89238125,0.892613725,0.893009259,0.89335614,0.89366,0,0,0,0,0,9025,8986.891292,38.1087079,54
2356,1.0595,1.0538,1.0551,0.877,0.968,0.758,0.006255763,0.006259202,0.006271559,0.006287265,0.006303352,0.006318266,0.006331209,0.006341793,0.006349861,0.006355396,0.006358466,0.00635919,0.006357716,0.00635421,0.006348845,1.059502691,1.06267483,1.062073952,1.06250851,1.061828415,1.061280895,1.060963716,1.06070603,1.060491111,1.06030819,1.063042956,1.066427105,1.06778855,1.068198214,1.069120772,1.070223137,1.07009872,1.069752439,1.06958564,1.052997309,1.052458503,1.053526048,1.05117149,1.051204919,1.051461962,1.051861284,1.052182859,1.052448889,1.052673628,1.05127371,1.049619049,1.049425735,1.049708453,1.049729228,1.049647451,1.050023502,1.050142298,1.05045436,1.0551,1.05625,1.057566667,1.0578,1.05684,1.056516667,1.056371429,1.0564125,1.056444444,1.05647,1.056490909,1.057158333,1.058023077,1.058607143,1.058953333,1.059425,1.059935294,1.060061111,1.059947368,1.06002,1.0551,1.0574,1.0602,1.0602,1.0602,1.0602,1.0602,1.0602,1.0602,1.0602,1.0602,1.0645,1.0684,1.0684,1.0684,1.0684,1.0684,1.0684,1.0684,1.0684,1.0551,1.0551,1.0551,1.0551,1.053,1.053,1.053,1.053,1.053,1.053,1.053,1.053,1.053,1.053,1.053,1.053,1.053,1.053,1.053,1.053,1.056133333,1.05705,1.0583,1.057866667,1.057266667,1.056927778,1.05662381,1.056604167,1.056614815,1.056663333,1.056763636,1.057527778,1.058389744,1.058852381,1.059215556,1.059685417,1.060062745,1.060142593,1.060098246,1.060186667,1.061833333,1.06355,1.0647,1.065016667,1.064426667,1.063461111,1.06292381,1.062554167,1.061903704,1.061863333,1.062690909,1.063636111,1.06444359,1.064816667,1.065202222,1.065616667,1.066186275,1.066464815,1.066466667,1.066556667,1.050433333,1.05055,1.0519,1.050716667,1.050106667,1.050394444,1.05032381,1.050654167,1.051325926,1.051463333,1.050836364,1.051419444,1.052335897,1.052888095,1.053228889,1.053754167,1.053939216,1.05382037,1.053729825,1.053816667,1,0,0,0,0,10605,10567.73235,37.26765096,54
2352,1.0594,1.0522,1.053,0.928,-0.062,0.893,0.00553163,0.005659138,0.005766307,0.005854747,0.005927285,0.005986604,0.006034927,0.006074028,0.00610532,0.006129942,0.006148825,0.006162747,0.006172366,0.006178244,0.006180866,1.056637006,1.057076903,1.05811207,1.058424637,1.058534717,1.058566229,1.063558841,1.068069472,1.069609596,1.069921316,1.070833575,1.071932637,1.071636416,1.071151006,1.070854948,1.070494195,1.071779851,1.072261617,1.075269067,1.051262994,1.05185643,1.05193793,1.052295363,1.052631949,1.052919485,1.050116159,1.048174972,1.048250404,1.048824138,1.049099758,1.049251978,1.04977787,1.049888994,1.050295052,1.050576393,1.050375704,1.050591015,1.049280933,1.053,1.05395,1.054466667,1.055025,1.05536,1.055583333,1.055742857,1.0568375,1.058122222,1.05893,1.059372727,1.059966667,1.060592308,1.060707143,1.06052,1.060575,1.060535294,1.061077778,1.061426316,1.062275,1.053,1.0549,1.0555,1.0567,1.0567,1.0567,1.0567,1.0645,1.0684,1.0684,1.0684,1.0684,1.0684,1.0684,1.0684,1.0684,1.0684,1.0703,1.0703,1.0784,1.053,1.053,1.053,1.053,1.053,1.053,1.053,1.053,1.053,1.053,1.053,1.053,1.053,1.053,1.053,1.053,1.053,1.053,1.053,1.053,1.054866667,1.05505,1.054966667,1.055341667,1.055613333,1.055861111,1.056133333,1.057358333,1.058622222,1.059246667,1.059706061,1.060291667,1.060738462,1.060792857,1.060693333,1.060766667,1.060905882,1.061361111,1.061863158,1.062828333,1.062066667,1.06035,1.060133333,1.060091667,1.059413333,1.059761111,1.061361905,1.062945833,1.064188889,1.064736667,1.065269697,1.065816667,1.066546154,1.066878571,1.066853333,1.066941667,1.067488235,1.067844444,1.068678947,1.069748333,1.047666667,1.04975,1.0498,1.050591667,1.051813333,1.051961111,1.050904762,1.051770833,1.053055556,1.053756667,1.054142424,1.054766667,1.054930769,1.054707143,1.054533333,1.054591667,1.054323529,1.054877778,1.055047368,1.055908333,1,0,0,0,0,10585,10549.07611,35.92388604,55
2822,1.0445,1.0414,1.0424,0.4,0.121,0.703,0.005154817,0.005220894,0.005279177,0.005332146,0.0053815,0.005428484,0.005474,0.005518671,0.005562882,0.005606833,0.005650578,0.005694074,0.005737211,0.005779842,0.005821807,1.045079899,1.050998829,1.049737239,1.04894687,1.048405808,1.048651901,1.048643377,1.051656621,1.0522741,1.052270511,1.052126646,1.05328921,1.053302589,1.053020282,1.053355248,1.053113644,1.053494499,1.053737556,1.053515215,1.041120101,1.038667838,1.039562761,1.03997313,1.040327525,1.040662384,1.041006623,1.039610045,1.0398059,1.040184035,1.040523354,1.040295405,1.040597411,1.040673052,1.040819752,1.04092165,1.039705501,1.03867297,1.038574785,1.0424,1.0431,1.044833333,1.04465,1.04446,1.044366667,1.044657143,1.044825,1.045633333,1.04604,1.046227273,1.046325,1.046792308,1.04695,1.046846667,1.0470875,1.047017647,1.0466,1.046205263,1.046045,1.0424,1.0438,1.0483,1.0483,1.0483,1.0483,1.0483,1.0483,1.0521,1.0521,1.0521,1.0521,1.0524,1.0524,1.0524,1.0524,1.0524,1.0524,1.0524,1.0524,1.0424,1.0424,1.0424,1.0424,1.0424,1.0424,1.0424,1.0424,1.0424,1.0424,1.0424,1.0424,1.0424,1.0424,1.0424,1.0424,1.0424,1.0395,1.0391,1.0391,1.042766667,1.044016667,1.045277778,1.045241667,1.045033333,1.044966667,1.04517619,1.045491667,1.046048148,1.04625,1.046424242,1.046627778,1.046953846,1.047054762,1.047046667,1.047185417,1.046990196,1.046585185,1.046263158,1.046101667,1.045866667,1.048366667,1.050677778,1.050566667,1.050113333,1.050033333,1.049961905,1.050616667,1.051137037,1.0514,1.051487879,1.051786111,1.052223077,1.052354762,1.052473333,1.052729167,1.052660784,1.052118519,1.051773684,1.051601667,1.039666667,1.039666667,1.039877778,1.039916667,1.039953333,1.0399,1.040390476,1.040366667,1.040959259,1.0411,1.041360606,1.041469444,1.041684615,1.041754762,1.04162,1.041641667,1.041319608,1.041051852,1.040752632,1.040601667,1,0,0,0,0,10477,10442.67743,34.32257293,53
4205,1.0002,0.9908,0.9981,0.701,0.157,0.911,0.005930362,0.005874509,0.005826593,0.005784118,0.005745742,0.005710613,0.005678137,0.005647887,0.005619545,0.005592867,0.005567661,0.005543768,0.005521056,0.005499408,0.005478724,1.001665433,1.000003844,0.999243744,0.999901064,1.000308839,1.000416825,1.001213447,1.001942583,1.001540684,1.003437922,1.004463552,1.004422708,1.004389736,1.003591308,1.002964079,1.002714897,1.002396067,1.001903635,1.001697456,0.990634567,0.992196156,0.992856256,0.990498936,0.988357828,0.98666889,0.983761553,0.980790751,0.979839316,0.97498026,0.971169781,0.969100369,0.967053121,0.966968692,0.966485921,0.96520275,0.964126155,0.96353847,0.962362544,0.9981,0.99615,0.9961,0.99605,0.9952,0.994333333,0.993542857,0.9924875,0.991366667,0.99069,0.989209091,0.987816667,0.986761538,0.985721429,0.98528,0.984725,0.983958824,0.983261111,0.982721053,0.98203,0.9981,0.9981,0.9981,0.9981,0.9981,0.9981,0.9981,0.9981,0.9981,0.9981,0.9981,0.9981,0.9981,0.9981,0.9981,0.9981,0.9981,0.9981,0.9981,0.9981,0.9981,0.9942,0.9942,0.9942,0.9918,0.99,0.9888,0.9851,0.9824,0.9824,0.9744,0.9725,0.9725,0.9722,0.9722,0.9722,0.9717,0.9714,0.9714,0.9689,0.996366667,0.995366667,0.995411111,0.994958333,0.99422,0.993516667,0.992647619,0.9916875,0.990788889,0.98981,0.988351515,0.987077778,0.986025641,0.98522381,0.984702222,0.9840875,0.983376471,0.982714815,0.982152632,0.981425,1.005766667,1.001816667,1.000811111,1.001083333,1,0.9993,0.998533333,0.9975125,0.996411111,0.99605,0.994287879,0.992911111,0.991787179,0.99117381,0.990648889,0.9900375,0.989182353,0.988487037,0.987952632,0.98719,0.986966667,0.988916667,0.990011111,0.988833333,0.98844,0.987733333,0.986761905,0.9858625,0.985166667,0.98357,0.982415152,0.981244444,0.980264103,0.97927381,0.978755556,0.9781375,0.977570588,0.976942593,0.976352632,0.97566,0,1,0,0,0,9929,9961.175794,32.17579394,52
2969,0.9978,0.9935,0.9964,0.904,-0.374,0.967,0.008464361,0.008658041,0.008797906,0.008896318,0.008962725,0.009004464,0.009027226,0.009035406,0.00903238,0.00902074,0.009002474,0.008979112,0.008951835,0.008921564,0.00888902,0.996674264,1.003687679,1.001743558,1.001365686,1.000707938,1.002829989,1.002988308,1.002143329,1.002671152,1.001423843,1.000337006,0.999387679,0.998536158,0.997917074,0.997441074,0.99686446,0.996313174,0.995783383,0.995341109,0.995825736,0.982778988,0.982506442,0.979834314,0.978058729,0.971484297,0.967811692,0.966278893,0.962248848,0.962794339,0.96322966,0.963673859,0.963992413,0.964629593,0.965258926,0.965676717,0.965620159,0.965795565,0.965598891,0.9964,0.99625,0.993233333,0.992125,0.9906,0.989383333,0.987157143,0.9854,0.984211111,0.98246,0.982109091,0.981783333,0.981530769,0.981264286,0.981273333,0.98135,0.981270588,0.980966667,0.980789474,0.98047,0.9964,0.9964,0.9964,0.9964,0.9964,0.9964,0.9964,0.9964,0.9964,0.9964,0.9964,0.9964,0.9964,0.9964,0.9964,0.9964,0.9964,0.9964,0.9964,0.9964,0.9964,0.9961,0.9872,0.9872,0.9845,0.9833,0.9738,0.9731,0.9731,0.9667,0.9667,0.9667,0.9667,0.9667,0.9667,0.9667,0.9667,0.9667,0.9667,0.9667,0.9959,0.994333333,0.992066667,0.990825,0.98912,0.987666667,0.985514286,0.984341667,0.98287037,0.98164,0.98140303,0.981297222,0.981082051,0.980828571,0.980786667,0.9806,0.980596078,0.980412963,0.980349123,0.98003,1.0002,1.001783333,0.999166667,0.997725,0.99624,0.99555,0.993557143,0.992666667,0.992092593,0.9912,0.99090303,0.990888889,0.989935897,0.989664286,0.989513333,0.9899125,0.990031373,0.989740741,0.989849123,0.98954,0.9916,0.986883333,0.984966667,0.983925,0.982,0.979783333,0.977471429,0.976016667,0.973648148,0.97208,0.97190303,0.971705556,0.972228205,0.971992857,0.97206,0.9712875,0.971160784,0.971085185,0.970849123,0.97052,1,0,0,0,0,9904,9936.164681,32.16468142,60
2321,1.0769,1.0711,1.0718,0.286,0.618,0.739,0.005842275,0.006005189,0.006120245,0.006197211,0.00624494,0.006270582,0.006279667,0.006276395,0.006263944,0.006244713,0.006220522,0.006192755,0.006162466,0.006130463,0.006097364,1.08022254,1.079906057,1.078859383,1.078794895,1.079014157,1.078732175,1.078184564,1.07858036,1.079019935,1.078611711,1.078229931,1.079843813,1.079978078,1.079549711,1.079208066,1.079380052,1.079157165,1.079107571,1.079743451,1.06777746,1.069627276,1.070390617,1.069005105,1.06715251,1.066267825,1.066540436,1.066864084,1.065080065,1.065006471,1.065170069,1.061740803,1.060407636,1.060610289,1.060416934,1.060737595,1.061053946,1.061366114,1.061416549,1.0718,1.074,1.074766667,1.074625,1.0739,1.073083333,1.0725,1.0723625,1.072722222,1.07205,1.071809091,1.0717,1.070792308,1.070192857,1.07008,1.0698125,1.070058824,1.070105556,1.070236842,1.07058,1.0718,1.0762,1.0763,1.0763,1.0763,1.0763,1.0763,1.0763,1.0763,1.0763,1.0763,1.0763,1.0763,1.0763,1.0763,1.0763,1.0763,1.0763,1.0763,1.0771,1.0718,1.0718,1.0718,1.0718,1.071,1.069,1.069,1.069,1.069,1.066,1.066,1.066,1.0599,1.0599,1.0599,1.0599,1.0599,1.0599,1.0599,1.0599,1.073266667,1.07485,1.075211111,1.07475,1.074,1.073166667,1.072571429,1.072683333,1.072759259,1.07215,1.071963636,1.071530556,1.070541026,1.070061905,1.069866667,1.06978125,1.069941176,1.070088889,1.070308772,1.070725,1.079066667,1.0798,1.079877778,1.079825,1.07866,1.07705,1.076814286,1.077820833,1.078848148,1.07845,1.078209091,1.078288889,1.077525641,1.07722619,1.076893333,1.0769,1.076976471,1.077127778,1.07727193,1.07792,1.067466667,1.0699,1.070544444,1.069675,1.06934,1.069283333,1.068328571,1.067545833,1.06667037,1.06585,1.065718182,1.064772222,1.06355641,1.062897619,1.06284,1.0626625,1.062905882,1.06305,1.063345614,1.06353,1,0,0,0,0,10769,10737.31277,31.68723331,51
1213,0.9468,0.9428,0.9451,0.895,-0.293,0.84,0.004836658,0.004791263,0.004742013,0.004691065,0.004640164,0.00459054,0.004542982,0.004497951,0.004455684,0.004416265,0.004379676,0.004345839,0.004314635,0.004285926,0.004259559,0.945465685,0.950495479,0.950300678,0.94968485,0.948428776,0.947477033,0.947010314,0.946427527,0.945905756,0.945755283,0.945339455,0.944973373,0.944684691,0.944570669,0.94439359,0.945115507,0.944911251,0.944983357,0.944900012,0.944334315,0.934771188,0.931549322,0.92947515,0.929904557,0.93038011,0.929539686,0.930083584,0.930474244,0.930953808,0.931127211,0.931180473,0.931429595,0.931722664,0.93196891,0.931908022,0.931766526,0.931058748,0.930649988,0.9451,0.9449,0.942633333,0.940925,0.93958,0.939166667,0.938928571,0.938275,0.938255556,0.93819,0.938354545,0.938233333,0.938076923,0.938057143,0.938146667,0.93818125,0.938511765,0.938338889,0.938021053,0.937775,0.9451,0.9451,0.9451,0.9451,0.9451,0.9451,0.9451,0.9451,0.9451,0.9451,0.9451,0.9451,0.9451,0.9451,0.9451,0.9451,0.9451,0.9451,0.9451,0.9451,0.9451,0.9447,0.9381,0.9358,0.9342,0.9342,0.9342,0.9337,0.9337,0.9337,0.9337,0.9337,0.9337,0.9337,0.9337,0.9337,0.9337,0.9337,0.9323,0.9323,0.9449,0.9438,0.941555556,0.9401,0.93918,0.938716667,0.938366667,0.937929167,0.937940741,0.937886667,0.938027273,0.937880556,0.9378,0.937780952,0.937942222,0.938108333,0.938311765,0.938088889,0.937803509,0.937576667,0.9489,0.9496,0.946655556,0.944775,0.94426,0.943566667,0.943280952,0.942891667,0.942618519,0.942716667,0.942918182,0.942688889,0.942569231,0.942480952,0.942622222,0.942902083,0.943452941,0.943127778,0.942761404,0.942381667,0.9409,0.938,0.936455556,0.935425,0.9341,0.933866667,0.933452381,0.932966667,0.933262963,0.933056667,0.933136364,0.933072222,0.933030769,0.933080952,0.933262222,0.933314583,0.933170588,0.93305,0.932845614,0.932771667,0,0,0,0,0,9398,9428.789167,30.78916732,53
3218,1.0107,1.0011,1.0078,0.517,-0.37,0.636,0.007412858,0.007355533,0.007302329,0.007252385,0.00720588,0.00716308,0.007124106,0.007088915,0.007057342,0.007029144,0.007004041,0.006981734,0.006961934,0.006944365,0.006928772,1.012005382,1.012874912,1.010966605,1.009570743,1.00857543,1.00987239,1.010304077,1.012119952,1.011902768,1.01226284,1.01427903,1.015194877,1.017414045,1.017056492,1.017435024,1.018978387,1.020270597,1.020893631,1.021178038,0.998994618,0.993058421,0.993033395,0.993549257,0.993991237,0.994241895,0.994795923,0.994613382,0.995217232,0.995628069,0.995154304,0.995312815,0.994728812,0.995183508,0.995527476,0.995268672,0.995162736,0.99539058,0.995731962,1.0078,1.0055,1.002966667,1.002,1.00156,1.001283333,1.002057143,1.00255,1.003366667,1.00356,1.003945455,1.004716667,1.005253846,1.006071429,1.00612,1.00648125,1.007123529,1.007716667,1.008142105,1.008455,1.0078,1.0078,1.0078,1.0078,1.0078,1.0078,1.0078,1.0078,1.0099,1.0099,1.0099,1.0132,1.0132,1.0167,1.0167,1.0167,1.0174,1.0178,1.0178,1.0178,1.0078,1.0032,0.9979,0.9979,0.9979,0.9979,0.9979,0.9979,0.9979,0.9979,0.9979,0.9979,0.9979,0.9979,0.9979,0.9979,0.9979,0.9979,0.9979,0.9979,1.006533333,1.003733333,1.002377778,1.001533333,1.0011,1.001355556,1.002009524,1.002666667,1.003303704,1.003486667,1.004118182,1.004855556,1.005484615,1.00602381,1.006171111,1.00665,1.007315686,1.007827778,1.008180702,1.00856,1.016133333,1.012333333,1.010411111,1.008633333,1.00768,1.008772222,1.009209524,1.009891667,1.010625926,1.010746667,1.011636364,1.012172222,1.012961538,1.013766667,1.013804444,1.01421875,1.014633333,1.015172222,1.015454386,1.015825,0.996933333,0.995133333,0.994344444,0.994433333,0.99452,0.993938889,0.994809524,0.995441667,0.995981481,0.996226667,0.9966,0.997538889,0.998007692,0.998280952,0.998537778,0.99908125,0.999998039,1.000483333,1.000907018,1.001295,1,0,0,0,0,10017,10045.64381,28.64380922,61
3263,0.9973,0.9912,0.996,0.981,-0.807,0.985,0.006169174,0.005970022,0.005828119,0.005726791,0.005654483,0.005603232,0.005567485,0.005543315,0.005527893,0.005519149,0.00551555,0.00551594,0.00551944,0.005525373,0.005533213,0.998925483,1.002428077,1.000771211,1.000011862,1.002589128,1.002654202,1.00177994,1.000671617,0.999535238,0.998482783,0.99748794,0.99657591,0.995728659,0.994920217,0.994162328,0.993459134,0.992835859,0.992501103,0.991954676,0.989874517,0.98023859,0.978778789,0.976428138,0.968344206,0.963974369,0.96164506,0.960261717,0.959404762,0.958735399,0.958278727,0.957901013,0.957614198,0.957493117,0.957887672,0.958140866,0.958497474,0.959067318,0.959155324,0.996,0.9944,0.991333333,0.989775,0.98822,0.985466667,0.983314286,0.9817125,0.980466667,0.97947,0.978609091,0.977883333,0.977238462,0.976671429,0.976206667,0.976025,0.9758,0.975666667,0.975784211,0.975555,0.996,0.996,0.996,0.996,0.996,0.996,0.996,0.996,0.996,0.996,0.996,0.996,0.996,0.996,0.996,0.996,0.996,0.996,0.996,0.996,0.996,0.9928,0.9852,0.9851,0.982,0.9717,0.9704,0.9704,0.9704,0.9704,0.97,0.9699,0.9695,0.9693,0.9693,0.9693,0.9693,0.9693,0.9693,0.9693,0.994833333,0.9924,0.989966667,0.988341667,0.98644,0.983927778,0.982,0.9805625,0.979444444,0.978463333,0.977875758,0.977138889,0.976525641,0.97602619,0.975648889,0.97545,0.975252941,0.975218519,0.97522807,0.97508,1.000933333,1.001,0.998133333,0.996491667,0.99518,0.991444444,0.988457143,0.9862125,0.984466667,0.983263333,0.983021212,0.982205556,0.981617949,0.98097619,0.980642222,0.9803625,0.980152941,0.980185185,0.980380702,0.980175,0.988733333,0.9838,0.9818,0.980191667,0.9777,0.976411111,0.975542857,0.9749125,0.974422222,0.973663333,0.972730303,0.972072222,0.971433333,0.97107619,0.970655556,0.9705375,0.970352941,0.970251852,0.970075439,0.969985,1,0,0,0,0,9895,9922.361737,27.36173682,65
627,0.8816,0.8684,0.8712,0.669,-0.026,0.41,0.006281424,0.006035757,0.00586955,0.005756192,0.005678758,0.005626011,0.005590272,0.005566193,0.00555001,0.00553906,0.005531458,0.005525876,0.005521381,0.005517327,0.005513272,0.888427922,0.884885166,0.883560725,0.884029715,0.887384565,0.889174634,0.890154899,0.89087278,0.891702843,0.893472759,0.894980353,0.89689968,0.898704002,0.899837181,0.901877081,0.902883062,0.903963411,0.905294577,0.905958176,0.862972078,0.866848167,0.868689275,0.869650285,0.868982102,0.869225366,0.869770101,0.87032722,0.870757157,0.870672695,0.870719647,0.870531089,0.870410284,0.870629485,0.870347919,0.870611056,0.870814367,0.870873844,0.871231824,0.8712,0.8757,0.875866667,0.876125,0.87684,0.878183333,0.8792,0.8799625,0.8806,0.88123,0.882072727,0.88285,0.883715385,0.884557143,0.885233333,0.8861125,0.886747059,0.887388889,0.888084211,0.888595,0.8712,0.8802,0.8802,0.8802,0.8802,0.8849,0.8853,0.8853,0.8857,0.8869,0.8905,0.8914,0.8941,0.8955,0.8955,0.8993,0.8993,0.8993,0.9006,0.9006,0.8712,0.8712,0.8712,0.8712,0.8712,0.8712,0.8712,0.8712,0.8712,0.8712,0.8712,0.8712,0.8712,0.8712,0.8712,0.8712,0.8712,0.8712,0.8712,0.8712,0.873733333,0.876733333,0.876755556,0.876641667,0.87766,0.8789,0.879814286,0.8805,0.881111111,0.88182,0.882660606,0.883525,0.8844,0.885154762,0.885873333,0.886704167,0.887341176,0.888,0.888615789,0.889026667,0.886933333,0.886833333,0.885155556,0.884791667,0.88552,0.885783333,0.885714286,0.8856625,0.886,0.88683,0.887660606,0.888566667,0.889361538,0.889990476,0.890846667,0.891766667,0.892394118,0.8931,0.893663158,0.894041667,0.860533333,0.866633333,0.868355556,0.868491667,0.8698,0.872016667,0.873914286,0.8753375,0.876222222,0.87681,0.877660606,0.878483333,0.879438462,0.880319048,0.8809,0.881641667,0.882288235,0.8829,0.883568421,0.884011667,0,0,0,0,0,8775,8748.709954,26.29004558,63
2782,1.0599,1.052,1.0589,0.824,0.804,0.953,0.006959948,0.006871632,0.006835369,0.006838127,0.006868388,0.006916774,0.006976043,0.007040821,0.007107239,0.007172602,0.007235094,0.007293553,0.007347288,0.007395949,0.007439423,1.064750967,1.063619589,1.063327105,1.061524453,1.060263707,1.059250691,1.058677218,1.057912082,1.057461999,1.057310713,1.05692458,1.056483717,1.056681538,1.056395066,1.056129739,1.056558748,1.05693245,1.057079758,1.057088253,1.046649033,1.043180411,1.039072895,1.039155547,1.038869627,1.038635024,1.037647782,1.038199029,1.038838001,1.03941656,1.039858754,1.040023976,1.038675605,1.038298268,1.037932761,1.036288311,1.034689772,1.033446557,1.032451747,1.0589,1.0557,1.0534,1.0512,1.05034,1.049566667,1.048942857,1.0481625,1.048055556,1.04815,1.048363636,1.048391667,1.048253846,1.047678571,1.047346667,1.04703125,1.046423529,1.045811111,1.045263158,1.04477,1.0589,1.0589,1.0589,1.0589,1.0589,1.0589,1.0589,1.0589,1.0589,1.0589,1.0589,1.0589,1.0589,1.0589,1.0589,1.0589,1.0589,1.0589,1.0589,1.0589,1.0589,1.0525,1.0488,1.0446,1.0446,1.0446,1.0446,1.0427,1.0427,1.0427,1.0427,1.0427,1.0427,1.0402,1.0402,1.0402,1.0367,1.0354,1.0354,1.0354,1.056933333,1.05375,1.051588889,1.050025,1.049333333,1.04875,1.048109524,1.0475125,1.047562963,1.04765,1.047854545,1.047830556,1.047528205,1.047088095,1.046735556,1.04634375,1.045717647,1.045144444,1.044570175,1.04403,1.064833333,1.0629,1.059755556,1.05755,1.056273333,1.056066667,1.055409524,1.0547625,1.054462963,1.05443,1.054327273,1.054130556,1.053997436,1.053402381,1.052928889,1.05263125,1.051870588,1.050955556,1.050333333,1.04979,1.049033333,1.0446,1.043422222,1.0425,1.042393333,1.041433333,1.040809524,1.0402625,1.040662963,1.04087,1.041381818,1.041530556,1.041058974,1.04077381,1.040542222,1.04005625,1.039564706,1.039333333,1.038807018,1.03827,1,0,0,0,0,10528,10545.66137,17.66137256,61
3190,1.035,1.0268,1.0345,0.967,0.805,0.994,0.005378156,0.00554093,0.005673455,0.005782521,0.005873803,0.005951537,0.006018759,0.006077628,0.006129698,0.00617611,0.006217728,0.006255223,0.006289133,0.006319903,0.006347903,1.041082338,1.038013844,1.0363,1.035199206,1.038310908,1.039083026,1.038585443,1.038240199,1.037323231,1.036448482,1.035644463,1.0350607,1.034495999,1.033902021,1.033360002,1.032894205,1.032813006,1.032907222,1.035246787,1.020717662,1.021386156,1.0219,1.022600794,1.015422425,1.011145545,1.009164557,1.007070912,1.006536769,1.006260609,1.006805537,1.006246992,1.005804001,1.005644646,1.005477498,1.005894031,1.006386994,1.006819094,1.006083213,1.0345,1.0309,1.0297,1.0291,1.0289,1.026866667,1.025114286,1.023875,1.022655556,1.02193,1.021354545,1.021225,1.020653846,1.02015,1.019773333,1.01941875,1.019394118,1.0196,1.019863158,1.020665,1.0345,1.0345,1.0345,1.0345,1.0345,1.0345,1.0345,1.0345,1.0345,1.0345,1.0345,1.0345,1.0345,1.0345,1.0345,1.0345,1.0345,1.0345,1.0345,1.0359,1.0345,1.0273,1.0273,1.0273,1.0273,1.0167,1.0146,1.0146,1.0129,1.0129,1.0129,1.0129,1.0129,1.0129,1.0129,1.0129,1.0129,1.0129,1.0129,1.0129,1.0321,1.0297,1.0289,1.028566667,1.027826667,1.025788889,1.024114286,1.022920833,1.021888889,1.021183333,1.020609091,1.020297222,1.019633333,1.01925,1.018853333,1.018654167,1.018682353,1.018890741,1.01937193,1.020203333,1.0403,1.0338,1.031633333,1.031466667,1.033006667,1.030822222,1.029485714,1.028108333,1.026922222,1.026203333,1.026245455,1.026380556,1.026125641,1.025521429,1.025013333,1.024822917,1.024982353,1.025240741,1.026119298,1.026808333,1.0239,1.0256,1.026166667,1.025666667,1.022646667,1.020755556,1.018742857,1.017733333,1.016855556,1.016163333,1.014972727,1.014213889,1.013141026,1.012978571,1.012693333,1.012485417,1.012382353,1.012540741,1.012624561,1.013598333,1,0,0,0,0,10292,10307.13141,15.1314054,53
646,0.8342,0.807,0.8125,0.615,0.675,-0.369,0.013837713,0.013241722,0.012727918,0.012276853,0.011876784,0.011519566,0.011198971,0.010909946,0.010648268,0.010410354,0.010193146,0.009994028,0.009810759,0.009641418,0.009484357,0.839490411,0.83773375,0.839417916,0.840143951,0.848043635,0.855591965,0.857909645,0.858872525,0.858814223,0.862795712,0.865144571,0.868673641,0.873032386,0.879500522,0.882954412,0.885885995,0.888041867,0.890578395,0.8915857,0.799609589,0.805732917,0.808282084,0.810376049,0.808456365,0.807036606,0.808390355,0.810016364,0.811665777,0.811477015,0.812088763,0.812034052,0.811510471,0.809779478,0.809870588,0.810196358,0.810847022,0.81126371,0.8122843,0.8125,0.81955,0.821733333,0.82385,0.82526,0.82825,0.831314286,0.83315,0.834444444,0.83524,0.837136364,0.838616667,0.840353846,0.842271429,0.84464,0.8464125,0.848041176,0.849444444,0.850921053,0.851935,0.8125,0.8266,0.8266,0.8302,0.8309,0.8432,0.8497,0.8497,0.8497,0.8497,0.8561,0.8561,0.8612,0.8672,0.8778,0.8778,0.8778,0.8778,0.8778,0.8778,0.8125,0.8125,0.8125,0.8125,0.8125,0.8125,0.8125,0.8125,0.8125,0.8125,0.8125,0.8125,0.8125,0.8125,0.8125,0.8125,0.8125,0.8125,0.8125,0.8125,0.8179,0.820633333,0.8228,0.824733333,0.826693333,0.829638889,0.83202381,0.8333625,0.834733333,0.836046667,0.837881818,0.839441667,0.8413,0.843402381,0.845604444,0.847404167,0.8489,0.850290741,0.851626316,0.852731667,0.8451,0.840983333,0.8388,0.839433333,0.842193333,0.844138889,0.84592381,0.846925,0.848311111,0.849906667,0.8509,0.852416667,0.854015385,0.855995238,0.857764444,0.859254167,0.8603,0.861451852,0.862594737,0.863811667,0.7907,0.800283333,0.8068,0.810033333,0.811193333,0.815138889,0.81812381,0.8198,0.821155556,0.822186667,0.824863636,0.826466667,0.828584615,0.830809524,0.833444444,0.835554167,0.8375,0.83912963,0.840657895,0.841651667,0,0,0,0,0,8208,8193.274032,14.72596817,83
2752,1.029,1.0147,1.015,0.768,-0.803,0.9,0.012482111,0.012459695,0.012382917,0.012270138,0.012134583,0.01198531,0.011828439,0.011668104,0.011507104,0.011347337,0.011190087,0.01103621,0.010886266,0.010740605,0.010599423,1.035482085,1.033220107,1.04221016,1.043548123,1.043211824,1.045782588,1.046087644,1.045406769,1.044483016,1.043365177,1.044527261,1.043402407,1.043576339,1.044843715,1.045479629,1.045356602,1.047546967,1.048915357,1.050559899,1.005217915,1.010046559,1.00813984,1.010251877,1.012288176,1.012903126,1.008787356,1.006659898,1.005376984,1.005053005,1.000289405,1.000859132,1.001823661,1.002329619,1.003032871,1.003855163,1.003708589,1.003979379,1.004090101,1.015,1.02035,1.021633333,1.025175,1.0269,1.02775,1.029342857,1.0274375,1.026033333,1.02493,1.024209091,1.022408333,1.022130769,1.0227,1.023586667,1.02425625,1.024605882,1.025627778,1.026447368,1.027325,1.015,1.0257,1.0257,1.0358,1.0358,1.0358,1.0389,1.0389,1.0389,1.0389,1.0389,1.0389,1.0389,1.0389,1.0389,1.0389,1.0389,1.043,1.043,1.044,1.015,1.015,1.015,1.015,1.015,1.015,1.015,1.0141,1.0141,1.0141,1.0141,1.0026,1.0026,1.0026,1.0026,1.0026,1.0026,1.0026,1.0026,1.0026,1.019566667,1.021266667,1.0236,1.0265,1.027973333,1.028977778,1.028942857,1.0272875,1.026011111,1.02502,1.023651515,1.022302778,1.022335897,1.023054762,1.023911111,1.024579167,1.025162745,1.026061111,1.026847368,1.027705,1.033866667,1.033516667,1.036033333,1.037475,1.038113333,1.038794444,1.042342857,1.0398875,1.038255556,1.03783,1.037851515,1.037119444,1.037105128,1.037261905,1.037631111,1.038072917,1.038633333,1.039138889,1.039615789,1.039835,1.005266667,1.009016667,1.011166667,1.015525,1.017833333,1.019161111,1.015542857,1.0146875,1.013766667,1.01221,1.009451515,1.007486111,1.007566667,1.008847619,1.010191111,1.011085417,1.011692157,1.012983333,1.014078947,1.015575,1,0,0,0,0,10212,10216.10998,4.109978293,62
