,col_name,value
855,dayofweek_4,0.523596842
827,hour,0.128378366
836,year_2017,0.080699816
833,year_2014,0.04817921
853,dayofweek_2,0.037033342
311,Private Sector Credit (MoM)_VOL_USD_Daily,0.014088024
852,dayofweek_1,0.01398594
832,year_2013,0.01089985
851,dayofweek_0,0.009660419
286,Building Permits (MoM)_VOL_USD_Daily,0.007400943
221,Private Sector Credit (MoM)_VOL_AUD_Daily,0.006867099
222,Private Sector Credit (YoY)_VOL_AUD_Daily,0.006605576
196,Building Permits (MoM)_VOL_AUD_Daily,0.006521219
854,dayofweek_3,0.006347231
825,correl_AUD_JPY_3p_h1_7,0.00569685
356,CS_AUD_CHF_H4_10,0.005671153
312,Private Sector Credit (YoY)_VOL_USD_Daily,0.005135292
3,Volatility_USD_daily,0.003302755
807,correl_AUD_JPY_3p_h1_5,0.002816657
782,correl_AUD_JPY_3p_h1_2,0.002594956
808,correl_AUD_CHF_3p_h1_5,0.002350842
773,correl_AUD_JPY_3p_h1_1,0.002259336
822,PC3_AUD_H1_h1_7,0.002052657
835,year_2016,0.0020403
816,correl_AUD_CHF_3p_h1_6,0.001763982
839,month_1,0.001717697
355,correl_AUD_CHF_7p,0.001586625
774,correl_AUD_CHF_3p_h1_1,0.001496521
372,correl_EUR_AUD_10p,0.0014934
831,year_2012,0.001447085
800,correl_AUD_JPY_3p_h1_4,0.001411993
830,year_2011,0.001370438
850,month_12,0.001336167
362,CS_AUD_GBP_H4_10,0.001313137
359,correl_AUD_CHF_20p,0.001240348
358,CS_AUD_CHF_H4_20,0.001171714
370,CS_EUR_AUD_H4_7,0.001141227
371,correl_EUR_AUD_7p,0.001075033
353,correl_AUD_CAD_20p,0.001048071
805,STDEV_AUD_H1_2p_h1_5,0.001022833
821,PC2_AUD_H1_h1_7,0.000966571
815,correl_AUD_JPY_3p_h1_6,0.000962888
7,Volatility_AUD_daily,0.000936873
350,CS_AUD_CAD_H4_7,0.000933125
846,month_8,0.000876179
363,correl_AUD_GBP_10p,0.000724674
354,CS_AUD_CHF_H4_7,0.00069706
790,STDEV_AUD_H1_2p_h1_2_1,0.000676978
369,correl_AUD_JPY_20p,0.000655663
367,correl_AUD_JPY_10p,0.000528395
792,correl_AUD_JPY_3p_h1_2_1,0.000528047
407,TR_CCI_AUD16,0.000522753
373,correl_EUR_AUD_20p,0.000480499
364,CS_AUD_GBP_H4_20,0.000448632
1,Volatility_USD_hourly,0.000441979
8,PC_macro_economic_ind_AUD_daily,0.000424347
418,TR_DPO_AUD8,0.000421487
352,correl_AUD_CAD_10p,0.000402441
412,TR_DPO_AUD1,0.000391865
771,STDEV_AUD_H1_2p_h1_1,0.000387818
351,correl_AUD_CAD_7p,0.000373156
770,PC3_AUD_H1_h1_1,0.000360932
783,correl_AUD_CHF_3p_h1_2,0.000360142
420,TR_DPO_AUD12,0.000354676
366,correl_AUD_JPY_7p,0.000352752
421,TR_DPO_AUD13,0.000345165
834,year_2015,0.0003439
374,TR_ADX_AUD2,0.000343256
456,TR_VI_NEG_AUD6,0.000342099
799,STDEV_AUD_H1_3p_h1_4,0.000341871
828,nb_months,0.000333135
5,Volatility_AUD_hourly,0.000327384
155,ANZ Job Advertisements_PC_AUD_Daily,0.000318627
797,PC3_AUD_H1_h1_4,0.00031686
580,VOL_BOLLINGER_BANDS_AUD14,0.000311365
499,MOM_RSI_AUD13,0.000302735
357,correl_AUD_CHF_10p,0.000293761
368,CS_AUD_JPY_H4_20,0.000292472
462,TR_VI_NEG_AUD9,0.000288759
365,correl_AUD_GBP_20p,0.000282043
602,VOL_BOLLINGER_L_BANDS_AUD6,0.000273013
781,STDEV_AUD_H1_3p_h1_2,0.000267545
430,TR_TRIX_AUD3,0.000263407
444,TR_TRIX_AUD17,0.000258687
605,VOL_BOLLINGER_L_BANDS_AUD9,0.000256756
429,TR_TRIX_AUD2,0.000256572
427,TR_DPO_AUD20,0.000249536
527,MOM_STOCH_OSCILLATOR_SIGNAL_AUD3,0.000248695
360,CS_AUD_GBP_H4_7,0.000248509
431,TR_TRIX_AUD4,0.000242254
600,VOL_BOLLINGER_L_BANDS_AUD4,0.000228537
481,TR_VI_POS_AUD18,0.000220794
273,Producer Price Index (QoQ)_PC_USD_Daily,0.000220706
391,TR_ADX_AUD19,0.000218177
17,Employment Change s_a__PC_AUD_hourly,0.000217965
806,STDEV_AUD_H1_3p_h1_5,0.000212996
581,VOL_BOLLINGER_BANDS_AUD15,0.000207524
545,MOM_TSI_AUD,0.000205602
381,TR_ADX_AUD9,0.000201648
549,VOL_ATR_AUD2,0.000200819
459,TR_VI_POS_AUD7,0.000199638
513,MOM_STOCH_OSCILLATOR_AUD8,0.000197548
585,VOL_BOLLINGER_BANDS_AUD19,0.000195537
812,close_h1_6,0.000192873
428,TR_TRIX_AUD1,0.000192671
814,STDEV_AUD_H1_3p_h1_6,0.000187876
511,MOM_STOCH_OSCILLATOR_AUD6,0.000187488
722,VOL_KELTNER_CHANNEL_CENTRAL_AUD17,0.000186537
6,PC_macro_economic_ind_AUD_hourly,0.000185905
432,TR_TRIX_AUD5,0.000183357
384,TR_ADX_AUD12,0.000182492
90,Employment Change s_a__PC_USD_hourly,0.000180331
34,Private Sector Credit (YoY)_PC_AUD_hourly,0.00017837
638,VOL_BOLLINGER_MAVG_AUD20,0.000177031
443,TR_TRIX_AUD16,0.000175389
764,VOL_KELTNER_CHANNEL_L_BAND_AUD19,0.000175168
763,VOL_KELTNER_CHANNEL_L_BAND_AUD18,0.00017449
579,VOL_BOLLINGER_BANDS_AUD13,0.00017396
377,TR_ADX_AUD5,0.000173884
394,TR_CCI_AUD3,0.000173801
452,TR_VI_NEG_AUD4,0.000173629
266,National Australia Bank's Business Confidence (QoQ)_PC_USD_Daily,0.000173567
448,TR_VI_NEG_AUD1,0.000173252
470,TR_VI_NEG_AUD13,0.000172355
723,VOL_KELTNER_CHANNEL_CENTRAL_AUD18,0.000171476
725,VOL_KELTNER_CHANNEL_CENTRAL_AUD20,0.000170201
445,TR_TRIX_AUD18,0.000168902
789,PC3_AUD_H1_h1_2_1,0.000167353
280,Trade Balance_PC_USD_Daily,0.000166149
748,VOL_KELTNER_CHANNEL_L_BAND_AUD3,0.000164511
342,PC50_AUD_H4,0.000164489
392,TR_ADX_AUD20,0.000163626
608,VOL_BOLLINGER_L_BANDS_AUD12,0.000162883
405,TR_CCI_AUD14,0.000159702
183,Producer Price Index (QoQ)_PC_AUD_Daily,0.000159653
692,VOL_DONCHAIN_CHANNEL_L_BAND_AUD15,0.000158239
630,VOL_BOLLINGER_MAVG_AUD12,0.000158065
772,STDEV_AUD_H1_3p_h1_1,0.000157361
528,MOM_STOCH_OSCILLATOR_SIGNAL_AUD4,0.00015728
791,STDEV_AUD_H1_3p_h1_2_1,0.000157165
548,VOL_ATR_AUD1,0.000155265
507,MOM_STOCH_OSCILLATOR_AUD2,0.000154711
741,VOL_KELTNER_CHANNEL_H_BAND_AUD16,0.000154283
483,TR_VI_POS_AUD19,0.000152887
492,MOM_RSI_AUD6,0.000152261
473,TR_VI_POS_AUD14,0.000152082
765,VOL_KELTNER_CHANNEL_L_BAND_AUD20,0.000148024
469,TR_VI_POS_AUD12,0.000147276
476,TR_VI_NEG_AUD16,0.000146083
779,PC2_AUD_H1_h1_2,0.00014417
681,VOL_DONCHAIN_CHANNEL_L_BAND_AUD4,0.00014282
159,CFTC AUD NC net positions_PC_AUD_Daily,0.000140427
423,TR_DPO_AUD15,0.000140166
458,TR_VI_NEG_AUD7,0.000138722
447,TR_TRIX_AUD20,0.00013711
538,MOM_STOCH_OSCILLATOR_SIGNAL_AUD14,0.000136314
474,TR_VI_NEG_AUD15,0.000135972
176,National Australia Bank's Business Confidence (QoQ)_PC_AUD_Daily,0.000134019
520,MOM_STOCH_OSCILLATOR_AUD15,0.000133497
464,TR_VI_NEG_AUD10,0.000131789
417,TR_DPO_AUD6,0.000129503
349,STDEV_AUD_H4_20p,0.00012809
395,TR_CCI_AUD4,0.000127709
340,PC14_AUD_H4,0.000127139
449,TR_VI_POS_AUD1,0.000126733
380,TR_ADX_AUD8,0.000126325
419,TR_DPO_AUD10,0.000126123
472,TR_VI_NEG_AUD14,0.000125876
347,STDEV_AUD_H4_10p,0.000124613
101,National Australia Bank's Business Confidence (QoQ)_PC_USD_hourly,0.000123536
583,VOL_BOLLINGER_BANDS_AUD17,0.000123509
475,TR_VI_POS_AUD15,0.00012049
398,TR_CCI_AUD7,0.000120485
495,MOM_RSI_AUD9,0.000119783
408,TR_CCI_AUD17,0.00011888
450,TR_VI_NEG_AUD2,0.000118095
330,TD Securities Inflation (MoM)_VOL_USD_Daily,0.00011424
826,day,0.000112818
509,MOM_STOCH_OSCILLATOR_AUD4,0.000112625
36,RBA trimmed mean CPI (QoQ)_PC_AUD_hourly,0.000105516
344,STDEV_AUD_H4_2p,0.000105363
551,VOL_ATR_AUD4,0.000105232
845,month_7,0.000105148
515,MOM_STOCH_OSCILLATOR_AUD10,0.000104169
399,TR_CCI_AUD8,0.000101626
422,TR_DPO_AUD14,0.000101314
485,TR_VI_POS_AUD20,0.000100002
434,TR_TRIX_AUD7,9.95E-05
786,low_h1_2_1,9.83E-05
849,month_11,9.44E-05
396,TR_CCI_AUD5,9.21E-05
553,VOL_ATR_AUD6,9.08E-05
819,low_h1_7,8.96E-05
500,MOM_RSI_AUD14,8.92E-05
813,STDEV_AUD_H1_2p_h1_6,8.92E-05
751,VOL_KELTNER_CHANNEL_L_BAND_AUD6,8.79E-05
109,RBA trimmed mean CPI (QoQ)_PC_USD_hourly,8.78E-05
403,TR_CCI_AUD12,8.71E-05
526,MOM_STOCH_OSCILLATOR_SIGNAL_AUD2,8.44E-05
382,TR_ADX_AUD10,8.43E-05
390,TR_ADX_AUD18,8.39E-05
343,STDEV_AUD_H4_1p,8.34E-05
457,TR_VI_POS_AUD6,8.33E-05
687,VOL_DONCHAIN_CHANNEL_L_BAND_AUD10,8.24E-05
577,VOL_BOLLINGER_BANDS_AUD11,8.22E-05
477,TR_VI_POS_AUD16,8.11E-05
566,VOL_ATR_AUD19,8.09E-05
435,TR_TRIX_AUD8,8.06E-05
158,Building Permits (YoY)_PC_AUD_Daily,7.99E-05
531,MOM_STOCH_OSCILLATOR_SIGNAL_AUD7,7.97E-05
747,VOL_KELTNER_CHANNEL_L_BAND_AUD2,7.95E-05
284,Westpac Leading Index (MoM)_PC_USD_Daily,7.94E-05
478,TR_VI_NEG_AUD17,7.91E-05
612,VOL_BOLLINGER_L_BANDS_AUD16,7.73E-05
182,Private Sector Credit (MoM)_PC_AUD_Daily,7.59E-05
64,Private Sector Credit (MoM)_VOL_AUD_hourly,7.57E-05
245,ANZ Job Advertisements_PC_USD_Daily,7.53E-05
623,VOL_BOLLINGER_MAVG_AUD5,7.53E-05
518,MOM_STOCH_OSCILLATOR_AUD13,7.49E-05
189,TD Securities Inflation (YoY)_PC_AUD_Daily,7.44E-05
345,STDEV_AUD_H4_4p,7.31E-05
114,Westpac Consumer Confidence_PC_USD_hourly,7.27E-05
375,TR_ADX_AUD3,7.27E-05
689,VOL_DONCHAIN_CHANNEL_L_BAND_AUD12,7.22E-05
397,TR_CCI_AUD6,7.17E-05
493,MOM_RSI_AUD7,7.07E-05
243,Westpac Consumer Confidence Index_VOL_AUD_Daily,7.07E-05
172,Import Price Index (QoQ)_PC_AUD_Daily,7.04E-05
446,TR_TRIX_AUD19,6.99E-05
44,AiG Performance of Services Index_VOL_AUD_hourly,6.98E-05
820,close_h1_7,6.98E-05
248,Building Permits (YoY)_PC_USD_Daily,6.96E-05
424,TR_DPO_AUD16,6.90E-05
338,PC2_AUD_H4,6.85E-05
250,Company Gross Operating Profits (QoQ)_PC_USD_Daily,6.83E-05
282,Westpac Consumer Confidence_PC_USD_Daily,6.82E-05
546,MOM_UO_AUD,6.82E-05
505,MOM_RSI_AUD19,6.77E-05
586,VOL_BOLLINGER_BANDS_AUD20,6.76E-05
107,Private Sector Credit (YoY)_PC_USD_hourly,6.72E-05
117,AiG Performance of Services Index_VOL_USD_hourly,6.71E-05
97,Import Price Index (QoQ)_PC_USD_hourly,6.66E-05
287,CFTC AUD NC net positions_VOL_USD_Daily,6.65E-05
529,MOM_STOCH_OSCILLATOR_SIGNAL_AUD5,6.64E-05
536,MOM_STOCH_OSCILLATOR_SIGNAL_AUD12,6.62E-05
406,TR_CCI_AUD15,6.62E-05
167,Fulltime employment_PC_AUD_Daily,6.58E-05
603,VOL_BOLLINGER_L_BANDS_AUD7,6.55E-05
761,VOL_KELTNER_CHANNEL_L_BAND_AUD16,6.50E-05
341,PC20_AUD_H4,6.48E-05
401,TR_CCI_AUD10,6.41E-05
453,TR_VI_POS_AUD4,6.38E-05
455,TR_VI_POS_AUD5,6.31E-05
490,MOM_RSI_AUD4,6.30E-05
558,VOL_ATR_AUD11,6.29E-05
754,VOL_KELTNER_CHANNEL_L_BAND_AUD9,6.28E-05
4,PC_macro_economic_ind_USD_daily,6.27E-05
811,low_h1_6,6.26E-05
388,TR_ADX_AUD16,6.22E-05
523,MOM_STOCH_OSCILLATOR_AUD18,6.18E-05
137,Private Sector Credit (MoM)_VOL_USD_hourly,6.17E-05
482,TR_VI_NEG_AUD19,6.14E-05
219,Participation Rate_VOL_AUD_Daily,6.14E-05
530,MOM_STOCH_OSCILLATOR_SIGNAL_AUD6,6.14E-05
197,CFTC AUD NC net positions_VOL_AUD_Daily,6.13E-05
393,TR_CCI_AUD2,6.10E-05
776,high_h1_2,6.04E-05
2,PC_macro_economic_ind_USD_hourly,6.01E-05
582,VOL_BOLLINGER_BANDS_AUD16,6.01E-05
788,PC2_AUD_H1_h1_2_1,5.99E-05
387,TR_ADX_AUD15,5.96E-05
293,Exports_VOL_USD_Daily,5.86E-05
334,Westpac Leading Index (MoM)_VOL_USD_Daily,5.78E-05
269,Part-time employment_PC_USD_Daily,5.67E-05
463,TR_VI_POS_AUD9,5.65E-05
486,MOM_AO_AUD,5.59E-05
508,MOM_STOCH_OSCILLATOR_AUD3,5.51E-05
147,RBA Foreign Exchange Transaction_VOL_USD_hourly,5.51E-05
119,CFTC AUD NC net positions_VOL_USD_hourly,5.49E-05
540,MOM_STOCH_OSCILLATOR_SIGNAL_AUD16,5.46E-05
561,VOL_ATR_AUD14,5.45E-05
824,STDEV_AUD_H1_3p_h1_7,5.38E-05
179,Part-time employment_PC_AUD_Daily,5.25E-05
389,TR_ADX_AUD17,5.21E-05
181,Private Capital Expenditure_PC_AUD_Daily,5.12E-05
376,TR_ADX_AUD4,4.98E-05
339,PC7_AUD_H4,4.84E-05
56,National Australia Bank's Business Confidence_VOL_AUD_hourly,4.75E-05
28,National Australia Bank's Business Confidence (QoQ)_PC_AUD_hourly,4.44E-05
93,Fulltime employment_PC_USD_hourly,4.29E-05
379,TR_ADX_AUD7,4.25E-05
413,TR_DPO_AUD2,3.71E-05
191,Unemployment Rate s_a__PC_AUD_Daily,3.62E-05
20,Fulltime employment_PC_AUD_hourly,3.18E-05
554,VOL_ATR_AUD7,3.06E-05
192,Westpac Consumer Confidence_PC_AUD_Daily,3.01E-05
100,National Australia Bank's Business Confidence_PC_USD_hourly,2.85E-05
15,Consumer Price Index (QoQ)_PC_AUD_hourly,1.94E-05
346,STDEV_AUD_H4_7p,1.86E-05
271,Private Capital Expenditure_PC_USD_Daily,1.83E-05
180,Participation Rate_PC_AUD_Daily,1.82E-05
324,RBA Rate Statement_VOL_USD_Daily,1.82E-05
31,Participation Rate_PC_AUD_hourly,1.64E-05
257,Fulltime employment_PC_USD_Daily,1.62E-05
