,col_name,value
828,nb_months,0.11042079368817924
822,PC3_AUD_H1_h1_7,0.09884130714263435
806,STDEV_AUD_H1_3p_h1_5,0.07686221939954446
528,MOM_STOCH_OSCILLATOR_SIGNAL_AUD4,0.059162097832954036
429,TR_TRIX_AUD2,0.056803027171029134
807,correl_AUD_JPY_3p_h1_5,0.055901392803331035
370,CS_EUR_AUD_H4_7,0.05496796668259485
825,correl_AUD_JPY_3p_h1_7,0.054151535378227804
772,STDEV_AUD_H1_3p_h1_1,0.05178111821882046
400,TR_CCI_AUD9,0.05102608446423605
508,MOM_STOCH_OSCILLATOR_AUD3,0.050210771703871726
503,MOM_RSI_AUD17,0.04961595635146905
394,TR_CCI_AUD3,0.04928388314699212
813,STDEV_AUD_H1_2p_h1_6,0.04820629632130346
354,CS_AUD_CHF_H4_7,0.047136982216553915
41,Westpac Consumer Confidence_PC_AUD_hourly,0.045701675371787015
512,MOM_STOCH_OSCILLATOR_AUD7,0.03992689210647122
