,col_name,value
0,bid_close_x,0.16159476721221025
1,Volatility_USD_hourly,0.13986426202764562
2,PC_macro_economic_ind_USD_hourly,0.10703003041385929
4,PC_macro_economic_ind_USD_daily,0.05747952581713189
3,Volatility_USD_daily,0.05293829623549667
14,Construction Work Done_PC_AUD_hourly,0.04749588615793279
5,Volatility_AUD_hourly,0.04629922137298782
6,PC_macro_economic_ind_AUD_hourly,0.03915906780131238
7,Volatility_AUD_daily,0.029097231298125067
9,ANZ Job Advertisements_PC_AUD_hourly,0.02688876402980479
11,Building Permits (MoM)_PC_AUD_hourly,0.02303222959699958
8,PC_macro_economic_ind_AUD_daily,0.02184567638585304
12,Building Permits (YoY)_PC_AUD_hourly,0.01920055296633942
10,AiG Performance of Mfg Index_PC_AUD_hourly,0.01758218761180105
20,Fulltime employment_PC_AUD_hourly,0.01679277045253043
13,CFTC AUD NC net positions_PC_AUD_hourly,0.011770899602465293
15,Consumer Price Index (QoQ)_PC_AUD_hourly,0.010360663984083956
21,HIA New Home Sales (MoM)_PC_AUD_hourly,0.007348887209012465
16,Dwelling Unit Starts (QoQ)_PC_AUD_hourly,0.006702719843116349
18,Export Price Index (QoQ)_PC_AUD_hourly,0.006263136818450562
17,Employment Change s_a__PC_AUD_hourly,0.005472366264469738
19,Exports_PC_AUD_hourly,0.005125272358755571
22,House Price Index (QoQ)_PC_AUD_hourly,0.004873844630925372
24,Import Price Index (QoQ)_PC_AUD_hourly,0.004130879562001207
39,Trade Balance_PC_AUD_hourly,0.0037556399645700383
27,National Australia Bank's Business Confidence_PC_AUD_hourly,0.0036108987272471865
29,New Motor Vehicle Sales (YoY)_PC_AUD_hourly,0.003384320295663953
36,RBA trimmed mean CPI (QoQ)_PC_AUD_hourly,0.003223172015597898
25,Investment Lending for Homes_PC_AUD_hourly,0.0031859808565934187
63,Private Capital Expenditure_VOL_AUD_hourly,0.00317175768595785
101,National Australia Bank's Business Confidence (QoQ)_PC_USD_hourly,0.0031356598468205298
66,Producer Price Index (QoQ)_VOL_AUD_hourly,0.0031228833752942405
80,TD Securities Inflation (MoM)_VOL_AUD_hourly,0.003105257141356625
31,Participation Rate_PC_AUD_hourly,0.0030685459939910507
23,House Price Index (YoY)_PC_AUD_hourly,0.003038428879112024
73,RBA Bulletin_VOL_AUD_hourly,0.002952904166874166
99,National Australia Bank's Business Conditions_PC_USD_hourly,0.002892080156157905
106,Private Sector Credit (MoM)_PC_USD_hourly,0.0027515735861632106
116,Westpac Leading Index (MoM)_PC_USD_hourly,0.002609941844836026
41,Westpac Consumer Confidence_PC_AUD_hourly,0.0026098788334998724
26,National Australia Bank's Business Conditions_PC_AUD_hourly,0.002422127604311494
100,National Australia Bank's Business Confidence_PC_USD_hourly,0.0022044461685529065
81,Westpac Consumer Confidence Index_VOL_AUD_hourly,0.002166422130311526
60,OUTDATED - RBA Deputy Governor Lowe Speech_VOL_AUD_hourly,0.002131243141060533
141,RBA Assist Gov Debelle Speech_VOL_USD_hourly,0.002114940552994815
96,House Price Index (YoY)_PC_USD_hourly,0.0020640471164447465
46,CFTC AUD NC net positions_VOL_AUD_hourly,0.0020156484978781967
70,RBA Assistant Governor Bullock Speech_VOL_AUD_hourly,0.0019043076220318666
62,Participation Rate_VOL_AUD_hourly,0.0018448002382429132
49,Current Account Balance_VOL_AUD_hourly,0.0017977285237992498
126,House Price Index (YoY)_VOL_USD_hourly,0.0017916650062598687
42,Westpac Consumer Confidence Index_PC_AUD_hourly,0.0017516441375741902
140,Producer Price Index (YoY)_VOL_USD_hourly,0.001697875568098278
68,RBA Assist Gov Debelle Speech_VOL_AUD_hourly,0.0016557963101128399
74,RBA Foreign Exchange Transaction_VOL_AUD_hourly,0.0016374609921529892
90,Employment Change s_a__PC_USD_hourly,0.0016019218331842007
44,AiG Performance of Services Index_VOL_AUD_hourly,0.0014308455321361837
35,Producer Price Index (QoQ)_PC_AUD_hourly,0.001398775790372777
164,Employment Change s_a__PC_AUD_Daily,0.0013425115998791561
33,Private Sector Credit (MoM)_PC_AUD_hourly,0.0013118389389717305
104,Participation Rate_PC_USD_hourly,0.0012857464020346455
55,Investment Lending for Homes_VOL_AUD_hourly,0.0012824369336653623
82,ANZ Job Advertisements_PC_USD_hourly,0.0012764981707155867
88,Consumer Price Index (QoQ)_PC_USD_hourly,0.0012345189254596679
43,Westpac Leading Index (MoM)_PC_AUD_hourly,0.001188558444262456
48,Consumer Price Index (YoY)_VOL_AUD_hourly,0.0011715927743636957
30,Part-time employment_PC_AUD_hourly,0.0011635429461617451
32,Private Capital Expenditure_PC_AUD_hourly,0.0011135236222953409
50,Dwelling Unit Starts (QoQ)_VOL_AUD_hourly,0.0011110201260293448
133,OUTDATED - RBA Deputy Governor Lowe Speech_VOL_USD_hourly,0.0010891271691433565
132,New Motor Vehicle Sales (YoY)_VOL_USD_hourly,0.0010142338939663053
128,Investment Lending for Homes_VOL_USD_hourly,0.0010113701563038038
151,RBA's Governor Glenn Stevens Speech_VOL_USD_hourly,0.0010037530336701385
47,Consumer Inflation Expectation_VOL_AUD_hourly,0.00098154348621189
28,National Australia Bank's Business Confidence (QoQ)_PC_AUD_hourly,0.0009788620180852265
105,Private Capital Expenditure_PC_USD_hourly,0.0009493211076225558
129,National Australia Bank's Business Confidence_VOL_USD_hourly,0.0009491247202233972
59,New Motor Vehicle Sales (YoY)_VOL_AUD_hourly,0.0009469180375688334
111,TD Securities Inflation (MoM)_PC_USD_hourly,0.0009352439767716152
107,Private Sector Credit (YoY)_PC_USD_hourly,0.000930041752638369
121,Consumer Price Index (YoY)_VOL_USD_hourly,0.0009182724841313766
156,AiG Performance of Mfg Index_PC_AUD_Daily,0.0008934423504046222
40,Unemployment Rate s_a__PC_AUD_hourly,0.0008386753840089903
98,Investment Lending for Homes_PC_USD_hourly,0.0008109211014600659
153,TD Securities Inflation (MoM)_VOL_USD_hourly,0.0008006269109785151
159,CFTC AUD NC net positions_PC_AUD_Daily,0.0007696452245488212
52,Fulltime employment_VOL_AUD_hourly,0.0007500683841812799
162,Consumer Price Index (QoQ)_PC_AUD_Daily,0.0007434709399635133
84,Building Permits (MoM)_PC_USD_hourly,0.0006953297073413209
91,Export Price Index (QoQ)_PC_USD_hourly,0.0006737035979369771
34,Private Sector Credit (YoY)_PC_AUD_hourly,0.000652332202416309
87,Construction Work Done_PC_USD_hourly,0.0006358677062820751
122,Current Account Balance_VOL_USD_hourly,0.0006266318276727093
76,RBA trimmed mean CPI (QoQ)_VOL_AUD_hourly,0.0006187738987853992
142,RBA Assist Gov Edey Speech _VOL_USD_hourly,0.000611048664939027
77,RBA trimmed mean CPI (YoY)_VOL_AUD_hourly,0.0005864043165086807
37,RBA trimmed mean CPI (YoY)_PC_AUD_hourly,0.0005730594605074493
89,Dwelling Unit Starts (QoQ)_PC_USD_hourly,0.0005412099019785273
102,New Motor Vehicle Sales (YoY)_PC_USD_hourly,0.0005385814588045357
157,Building Permits (MoM)_PC_AUD_Daily,0.0005353004845457081
53,House Price Index (YoY)_VOL_AUD_hourly,0.0004986917311729383
45,Building Permits (MoM)_VOL_AUD_hourly,0.0004946030215682472
38,TD Securities Inflation (MoM)_PC_AUD_hourly,0.0004930330152969779
71,RBA Assistant Governor Ellis Speech_VOL_AUD_hourly,0.000484462755668713
165,Export Price Index (QoQ)_PC_AUD_Daily,0.00047747205142991637
79,RBA's Governor Philip Lowe Speech_VOL_AUD_hourly,0.00046854814171618463
64,Private Sector Credit (MoM)_VOL_AUD_hourly,0.00046325016728699547
147,RBA Foreign Exchange Transaction_VOL_USD_hourly,0.00045688769572587064
117,AiG Performance of Services Index_VOL_USD_hourly,0.0004556812712248912
93,Fulltime employment_PC_USD_hourly,0.00044038666239658574
86,CFTC AUD NC net positions_PC_USD_hourly,0.0004383145730145963
158,Building Permits (YoY)_PC_AUD_Daily,0.0004352475541293988
134,Part-time employment_VOL_USD_hourly,0.00041994556039199644
161,Construction Work Done_PC_AUD_Daily,0.00040944147042833016
137,Private Sector Credit (MoM)_VOL_USD_hourly,0.0003997665364425584
110,RBA trimmed mean CPI (YoY)_PC_USD_hourly,0.00039486365455014885
148,RBA Rate Statement_VOL_USD_hourly,0.0003946089713554606
143,RBA Assistant Governor Bullock Speech_VOL_USD_hourly,0.0003867030830921615
166,Exports_PC_AUD_Daily,0.00038553772282183226
138,Private Sector Credit (YoY)_VOL_USD_hourly,0.0003760703434876564
135,Participation Rate_VOL_USD_hourly,0.0003673574118811911
127,Imports_VOL_USD_hourly,0.00035681928113697766
163,Dwelling Unit Starts (QoQ)_PC_AUD_Daily,0.0003366193113456914
150,RBA trimmed mean CPI (YoY)_VOL_USD_hourly,0.0003299569615447452
124,Exports_VOL_USD_hourly,0.00015119386786875455
