,col_name,value
808,year_2014,0.1689762554981247
802,hour,0.09821145401422969
828,dayofweek_2,0.07917105678086826
829,dayofweek_3,0.06276725381800219
827,dayofweek_1,0.054983382560055825
826,dayofweek_0,0.040052803802287734
807,year_2013,0.03867073466793493
7,Volatility_AUD_daily,0.03714162179011433
3,Volatility_USD_daily,0.03539782873029796
830,dayofweek_4,0.03129684934813752
801,day,0.019995338329380594
811,year_2017,0.019662042079223972
311,Private Sector Credit (MoM)_VOL_USD_Daily,0.01658716947920372
169,HIA New Home Sales (MoM)_PC_AUD_Daily,0.015042129178028578
373,correl_EUR_AUD_20p,0.01451393631913008
259,HIA New Home Sales (MoM)_PC_USD_Daily,0.01257631121125359
221,Private Sector Credit (MoM)_VOL_AUD_Daily,0.009105906377629428
809,year_2015,0.008549991371830478
5,Volatility_AUD_hourly,0.007474370713386282
1,Volatility_USD_hourly,0.0064287168120238485
800,correl_AUD_JPY_3p_h1_4,0.006252576843862007
346,STDEV_AUD_H4_7p,0.006016288448070967
312,Private Sector Credit (YoY)_VOL_USD_Daily,0.005969826108283023
805,year_2011,0.0057923720163446015
565,VOL_ATR_AUD18,0.005515035555183688
567,VOL_ATR_AUD20,0.004799432352849094
122,Current Account Balance_VOL_USD_hourly,0.00428989827548145
773,correl_AUD_JPY_3p_h1_1,0.004063931848028049
553,VOL_ATR_AUD6,0.0037639976862532936
818,month_5,0.003700702232435755
566,VOL_ATR_AUD19,0.0035640258148146487
816,month_3,0.003459895695017894
366,correl_AUD_JPY_7p,0.0031259915147164937
182,Private Sector Credit (MoM)_PC_AUD_Daily,0.0029127771592477596
365,correl_AUD_GBP_20p,0.002857640658432286
508,MOM_STOCH_OSCILLATOR_AUD3,0.002825445176947033
564,VOL_ATR_AUD17,0.002818640973014876
49,Current Account Balance_VOL_AUD_hourly,0.0027997652099754646
563,VOL_ATR_AUD16,0.0027348989153832526
782,correl_AUD_JPY_3p_h1_2,0.0027284739022089815
222,Private Sector Credit (YoY)_VOL_AUD_Daily,0.0026247643382492137
774,correl_AUD_CHF_3p_h1_1,0.002530338795941097
792,correl_AUD_JPY_3p_h1_2_1,0.002476825505997223
548,VOL_ATR_AUD1,0.002475786592539608
554,VOL_ATR_AUD7,0.00242068024919188
560,VOL_ATR_AUD13,0.002419123370696216
261,House Price Index (YoY)_PC_USD_Daily,0.0021964036736724477
557,VOL_ATR_AUD10,0.0021568256557449685
559,VOL_ATR_AUD12,0.0021106495457857235
562,VOL_ATR_AUD15,0.002107567456771145
438,TR_TRIX_AUD11,0.0020773933756484454
461,TR_VI_POS_AUD8,0.0019715319336610373
356,CS_AUD_CHF_H4_10,0.0019178938351816944
420,TR_DPO_AUD12,0.0018804682888941071
47,Consumer Inflation Expectation_VOL_AUD_hourly,0.00179498875744298
556,VOL_ATR_AUD9,0.0016049587961122695
555,VOL_ATR_AUD8,0.0015558978410583721
421,TR_DPO_AUD13,0.0015372406719056033
509,MOM_STOCH_OSCILLATOR_AUD4,0.0015023166023109301
364,CS_AUD_GBP_H4_20,0.0014677946002278933
283,Westpac Consumer Confidence Index_PC_USD_Daily,0.00136126361004147
436,TR_TRIX_AUD9,0.0013144132496644254
419,TR_DPO_AUD10,0.0013025403647675302
272,Private Sector Credit (MoM)_PC_USD_Daily,0.0012674495148018482
783,correl_AUD_CHF_3p_h1_2,0.001266118361161091
120,Consumer Inflation Expectation_VOL_USD_hourly,0.0012160502520240399
95,House Price Index (QoQ)_PC_USD_hourly,0.0011740618018538612
243,Westpac Consumer Confidence Index_VOL_AUD_Daily,0.0011674456718415635
408,TR_CCI_AUD17,0.001133255756403911
279,TD Securities Inflation (YoY)_PC_USD_Daily,0.0011274323592018172
780,STDEV_AUD_H1_2p_h1_2,0.001119750506209491
791,STDEV_AUD_H1_3p_h1_2_1,0.0010911375917132774
14,Construction Work Done_PC_AUD_hourly,0.00105367338461154
511,MOM_STOCH_OSCILLATOR_AUD6,0.0010428648580494454
790,STDEV_AUD_H1_2p_h1_2_1,0.0010119120305237205
189,TD Securities Inflation (YoY)_PC_AUD_Daily,0.0009713926092156228
803,nb_months,0.0009055060756475775
400,TR_CCI_AUD9,0.0009020408196252869
561,VOL_ATR_AUD14,0.000877204439232381
251,Construction Work Done_PC_USD_Daily,0.0008738723063352699
45,Building Permits (MoM)_VOL_AUD_hourly,0.0008335119468187092
519,MOM_STOCH_OSCILLATOR_AUD14,0.0008315914751690465
820,month_7,0.0008260607886835717
171,House Price Index (YoY)_PC_AUD_Daily,0.0008169715568749912
118,Building Permits (MoM)_VOL_USD_hourly,0.0007630117417585919
371,correl_EUR_AUD_7p,0.0007567337303824227
480,TR_VI_NEG_AUD18,0.0007560714672753406
369,correl_AUD_JPY_20p,0.0007431936932463699
383,TR_ADX_AUD11,0.0007400075778771316
437,TR_TRIX_AUD10,0.0007282117537043166
358,CS_AUD_CHF_H4_20,0.0007096347898046084
339,PC7_AUD_H4,0.0006936218989895327
81,Westpac Consumer Confidence Index_VOL_AUD_hourly,0.0006919310202343683
388,TR_ADX_AUD16,0.0006917210165205152
338,PC2_AUD_H4,0.000686434494015448
517,MOM_STOCH_OSCILLATOR_AUD12,0.0006662733924002449
367,correl_AUD_JPY_10p,0.0006638257043842588
490,MOM_RSI_AUD4,0.0006611256359695335
450,TR_VI_NEG_AUD2,0.0006467909656902613
263,Investment Lending for Homes_PC_USD_Daily,0.0006380682748059622
413,TR_DPO_AUD2,0.0006315085644723817
343,STDEV_AUD_H4_1p,0.0006276579115507858
410,TR_CCI_AUD19,0.000621640199586272
387,TR_ADX_AUD15,0.0006194003594707359
454,TR_VI_NEG_AUD5,0.0005993089375763503
825,month_12,0.0005946943569589759
817,month_4,0.0005924289266835378
451,TR_VI_NEG_AUD3,0.0005627949806238274
798,STDEV_AUD_H1_2p_h1_4,0.0005623343755912165
352,correl_AUD_CAD_10p,0.0005608099664334759
522,MOM_STOCH_OSCILLATOR_AUD17,0.000559489044457806
549,VOL_ATR_AUD2,0.0005573324800281881
547,MOM_WR_AUD,0.0005565221753720871
353,correl_AUD_CAD_20p,0.0005554134432860607
22,House Price Index (QoQ)_PC_AUD_hourly,0.0005514126450039329
382,TR_ADX_AUD10,0.0005394393299138354
414,TR_DPO_AUD3,0.0005301116755214996
381,TR_ADX_AUD9,0.0005287581620216621
411,TR_CCI_AUD20,0.0005241035451934437
486,MOM_AO_AUD,0.0005131282461967938
347,STDEV_AUD_H4_10p,0.0005053045006987379
459,TR_VI_POS_AUD7,0.0005034612111930229
87,Construction Work Done_PC_USD_hourly,0.0005031073080691148
391,TR_ADX_AUD19,0.0005010765443116845
815,month_2,0.0005002005630074958
458,TR_VI_NEG_AUD7,0.0004927351776420635
193,Westpac Consumer Confidence Index_PC_AUD_Daily,0.0004883898629788364
529,MOM_STOCH_OSCILLATOR_SIGNAL_AUD5,0.0004841469243110834
377,TR_ADX_AUD5,0.0004707255001139653
448,TR_VI_NEG_AUD1,0.0004702621992327211
212,National Australia Bank's Business Conditions_VOL_AUD_Daily,0.0004673930557691145
407,TR_CCI_AUD16,0.0004564470069886272
416,TR_DPO_AUD5,0.00045593543587463123
512,MOM_STOCH_OSCILLATOR_AUD7,0.0004558631764583231
40,Unemployment Rate s_a__PC_AUD_hourly,0.0004544007862554511
484,TR_VI_NEG_AUD20,0.0004514024664696011
443,TR_TRIX_AUD16,0.00045058353884318254
466,TR_VI_NEG_AUD11,0.0004502946012882626
248,Building Permits (YoY)_PC_USD_Daily,0.00044549540444412485
113,Unemployment Rate s_a__PC_USD_hourly,0.00044103439172873027
422,TR_DPO_AUD14,0.00042361418632132485
361,correl_AUD_GBP_7p,0.00041855088300598794
362,CS_AUD_GBP_H4_10,0.00041767949170574216
770,PC3_AUD_H1_h1_1,0.00041453637591790294
435,TR_TRIX_AUD8,0.0004113462632489545
510,MOM_STOCH_OSCILLATOR_AUD5,0.00040804954092049867
379,TR_ADX_AUD7,0.0004078670417708665
359,correl_AUD_CHF_20p,0.0004065792476781456
417,TR_DPO_AUD6,0.0004032375950888191
570,VOL_BOLLINGER_BANDS_AUD4,0.0004015147300915281
136,Private Capital Expenditure_VOL_USD_hourly,0.0003996517748924993
452,TR_VI_NEG_AUD4,0.0003981007692956274
350,CS_AUD_CAD_H4_7,0.00039604924673689105
558,VOL_ATR_AUD11,0.0003812787149145053
372,correl_EUR_AUD_10p,0.00037947264000342157
19,Exports_PC_AUD_hourly,0.00037224447023265076
771,STDEV_AUD_H1_2p_h1_1,0.00036578213118948136
545,MOM_TSI_AUD,0.00036255375844916783
788,PC2_AUD_H1_h1_2_1,0.0003608222638583553
434,TR_TRIX_AUD7,0.00035986374208446515
83,AiG Performance of Mfg Index_PC_USD_hourly,0.00035137037755259096
507,MOM_STOCH_OSCILLATOR_AUD2,0.00035044435688836656
396,TR_CCI_AUD5,0.0003482014036891138
402,TR_CCI_AUD11,0.0003462587474153466
525,MOM_STOCH_OSCILLATOR_AUD20,0.0003444618157450341
297,House Price Index (YoY)_VOL_USD_Daily,0.0003371518677920623
349,STDEV_AUD_H4_20p,0.0003352727393336724
333,Westpac Consumer Confidence Index_VOL_USD_Daily,0.0003346851653713802
543,MOM_STOCH_OSCILLATOR_SIGNAL_AUD19,0.0003298528492510314
415,TR_DPO_AUD4,0.0003291048347573356
550,VOL_ATR_AUD3,0.00032848155028249805
4,PC_macro_economic_ind_USD_daily,0.00032579136697320234
126,House Price Index (YoY)_VOL_USD_hourly,0.0003247583601981066
819,month_6,0.0003238212815498685
55,Investment Lending for Homes_VOL_AUD_hourly,0.0003225826341008274
409,TR_CCI_AUD18,0.0003200729754415403
173,Investment Lending for Homes_PC_AUD_Daily,0.0003193975307428273
266,National Australia Bank's Business Confidence (QoQ)_PC_USD_Daily,0.00031784946352354657
779,PC2_AUD_H1_h1_2,0.0003165390666178008
368,CS_AUD_JPY_H4_20,0.0003099466761549339
456,TR_VI_NEG_AUD6,0.00030818537523707003
806,year_2012,0.00030815727967499387
133,OUTDATED - RBA Deputy Governor Lowe Speech_VOL_USD_hourly,0.00030790801224955436
447,TR_TRIX_AUD20,0.00030342123094988547
340,PC14_AUD_H4,0.0003026269151058291
662,VOL_DONCHAIN_CHANNEL_H_BAND_INDICATOR_AUD5,0.0002992983994287774
341,PC20_AUD_H4,0.000297265993439265
470,TR_VI_NEG_AUD13,0.00029446622594607815
445,TR_TRIX_AUD18,0.0002930377465511365
527,MOM_STOCH_OSCILLATOR_SIGNAL_AUD3,0.0002845751619373534
423,TR_DPO_AUD15,0.0002834953743031773
418,TR_DPO_AUD8,0.0002722767359398297
192,Westpac Consumer Confidence_PC_AUD_Daily,0.00027053655270700607
506,MOM_RSI_AUD20,0.00026999030249159737
532,MOM_STOCH_OSCILLATOR_SIGNAL_AUD8,0.0002680756805265919
216,New Motor Vehicle Sales (YoY)_VOL_AUD_Daily,0.00026377803495193316
324,RBA Rate Statement_VOL_USD_Daily,0.0002601133618983422
378,TR_ADX_AUD6,0.0002571489723785234
342,PC50_AUD_H4,0.00025675580106631214
427,TR_DPO_AUD20,0.0002554580037223704
457,TR_VI_POS_AUD6,0.00025158706241735097
533,MOM_STOCH_OSCILLATOR_SIGNAL_AUD9,0.00025091082739835385
599,VOL_BOLLINGER_L_BANDS_AUD3,0.0002500848949254586
478,TR_VI_NEG_AUD17,0.00024902032402289594
237,RBA's Governor Glenn Stevens Speech_VOL_AUD_Daily,0.000248001529995518
10,AiG Performance of Mfg Index_PC_AUD_hourly,0.0002453496822403447
531,MOM_STOCH_OSCILLATOR_SIGNAL_AUD7,0.00024475552993724934
523,MOM_STOCH_OSCILLATOR_AUD18,0.00024243271246646988
446,TR_TRIX_AUD19,0.00023778044571552242
85,Building Permits (YoY)_PC_USD_hourly,0.00023484144777423995
51,Exports_VOL_AUD_hourly,0.00023413710839130416
473,TR_VI_POS_AUD14,0.00023343236098617357
370,CS_EUR_AUD_H4_7,0.00023194047077734815
380,TR_ADX_AUD8,0.0002301467675862585
249,CFTC AUD NC net positions_PC_USD_Daily,0.00022864230977102902
289,Current Account Balance_VOL_USD_Daily,0.00022862450468943437
488,MOM_RSI_AUD2,0.0002267014300359069
395,TR_CCI_AUD4,0.00022524191627552314
62,Participation Rate_VOL_AUD_hourly,0.0002217139805396104
552,VOL_ATR_AUD5,0.0002198548404507156
425,TR_DPO_AUD17,0.00021846860783296976
234,RBA Rate Statement_VOL_AUD_Daily,0.00021804071361544237
60,OUTDATED - RBA Deputy Governor Lowe Speech_VOL_AUD_hourly,0.00021777604127643213
781,STDEV_AUD_H1_3p_h1_2,0.00021547815243927525
252,Consumer Price Index (QoQ)_PC_USD_Daily,0.00021518843366204074
354,CS_AUD_CHF_H4_7,0.00021493689707324532
474,TR_VI_NEG_AUD15,0.00021358551211443695
374,TR_ADX_AUD2,0.00020902756490999867
593,VOL_BOLLINGER_H_BANDS_AUD16,0.00020886634517408155
493,MOM_RSI_AUD7,0.00020867100926720675
375,TR_ADX_AUD3,0.00020767754282834903
199,Current Account Balance_VOL_AUD_Daily,0.00020695419489803014
497,MOM_RSI_AUD11,0.00020416532631031218
196,Building Permits (MoM)_VOL_AUD_Daily,0.0002038557179163952
489,MOM_RSI_AUD3,0.00020367414260969328
92,Exports_PC_USD_hourly,0.00020254533732408147
797,PC3_AUD_H1_h1_4,0.00019756793701346622
404,TR_CCI_AUD13,0.00019596699676953808
642,VOL_DONCHAIN_CHANNEL_H_BAND_AUD4,0.00019423670319389217
351,correl_AUD_CAD_7p,0.00019323551507540983
384,TR_ADX_AUD12,0.00018967442375811258
449,TR_VI_POS_AUD1,0.0001896313392244805
823,month_10,0.00018890606964897726
357,correl_AUD_CHF_10p,0.0001880461107519466
98,Investment Lending for Homes_PC_USD_hourly,0.0001865074788007158
327,RBA's Governor Glenn Stevens Speech_VOL_USD_Daily,0.00018617024323021254
600,VOL_BOLLINGER_L_BANDS_AUD4,0.00018490038935899518
481,TR_VI_POS_AUD18,0.0001847079836479436
394,TR_CCI_AUD3,0.00018163645192273295
537,MOM_STOCH_OSCILLATOR_SIGNAL_AUD13,0.00018117139388737713
178,New Motor Vehicle Sales (YoY)_PC_AUD_Daily,0.00017710281128023326
491,MOM_RSI_AUD5,0.0001761933454075262
428,TR_TRIX_AUD1,0.00017532431111288565
573,VOL_BOLLINGER_BANDS_AUD7,0.00017440455338538392
217,OUTDATED - RBA Deputy Governor Lowe Speech_VOL_AUD_Daily,0.00017375838576360618
158,Building Permits (YoY)_PC_AUD_Daily,0.00017239115683871816
386,TR_ADX_AUD14,0.0001694246149480653
430,TR_TRIX_AUD3,0.00016677434710696688
159,CFTC AUD NC net positions_PC_AUD_Daily,0.000166217536987807
360,CS_AUD_GBP_H4_7,0.00016074707056031213
405,TR_CCI_AUD14,0.00016069551135229854
399,TR_CCI_AUD8,0.00016013615575383402
88,Consumer Price Index (QoQ)_PC_USD_hourly,0.00016003706008971722
534,MOM_STOCH_OSCILLATOR_SIGNAL_AUD10,0.00015962702142508815
241,TD Securities Inflation (YoY)_VOL_AUD_Daily,0.00015873365351544598
784,open_h1_2_1,0.00015743464214840235
485,TR_VI_POS_AUD20,0.0001547332334489442
575,VOL_BOLLINGER_BANDS_AUD9,0.0001546652120526669
267,New Motor Vehicle Sales (MoM)_PC_USD_Daily,0.00014995707509468038
465,TR_VI_POS_AUD10,0.00014883577494983027
125,Fulltime employment_VOL_USD_hourly,0.00014825602414157411
82,ANZ Job Advertisements_PC_USD_hourly,0.00014772630975710407
344,STDEV_AUD_H4_2p,0.0001440797063236195
172,Import Price Index (QoQ)_PC_AUD_Daily,0.00014237235574879193
42,Westpac Consumer Confidence Index_PC_AUD_hourly,0.00013863624246716124
426,TR_DPO_AUD18,0.00013569998951860651
103,Part-time employment_PC_USD_hourly,0.00013534102768317677
348,STDEV_AUD_H4_14p,0.00013433466822864934
246,AiG Performance of Mfg Index_PC_USD_Daily,0.00013392697799940244
6,PC_macro_economic_ind_AUD_hourly,0.00013365636739623565
69,RBA Assist Gov Edey Speech _VOL_AUD_hourly,0.0001335386343347139
821,month_8,0.00013321393785336298
431,TR_TRIX_AUD4,0.00013286137614976416
20,Fulltime employment_PC_AUD_hourly,0.00013082509811365167
439,TR_TRIX_AUD12,0.00013024756137690053
264,National Australia Bank's Business Conditions_PC_USD_Daily,0.00012931361942093066
679,VOL_DONCHAIN_CHANNEL_L_BAND_AUD2,0.00012862021597410947
475,TR_VI_POS_AUD15,0.00012798983077832483
482,TR_VI_NEG_AUD19,0.00012643507422239095
129,National Australia Bank's Business Confidence_VOL_USD_hourly,0.00012612811913798332
746,VOL_KELTNER_CHANNEL_L_BAND_AUD1,0.0001249157749576098
96,House Price Index (YoY)_PC_USD_hourly,0.00012480810826294577
363,correl_AUD_GBP_10p,0.00012433082772145767
154,Westpac Consumer Confidence Index_VOL_USD_hourly,0.0001243292099385108
472,TR_VI_NEG_AUD14,0.00012305190277299386
492,MOM_RSI_AUD6,0.00012285167052298595
124,Exports_VOL_USD_hourly,0.00012154045678400639
424,TR_DPO_AUD16,0.0001212425201196956
614,VOL_BOLLINGER_L_BANDS_AUD18,0.00012073815293278213
270,Participation Rate_PC_USD_Daily,0.00012049186270202533
26,National Australia Bank's Business Conditions_PC_AUD_hourly,0.00011897081305030717
275,RBA trimmed mean CPI (QoQ)_PC_USD_Daily,0.0001188647353984713
401,TR_CCI_AUD10,0.0001185665542189012
526,MOM_STOCH_OSCILLATOR_SIGNAL_AUD2,0.00011850859296256835
138,Private Sector Credit (YoY)_VOL_USD_hourly,0.00011749011386761818
709,VOL_KELTNER_CHANNEL_CENTRAL_AUD4,0.00011688571196600937
128,Investment Lending for Homes_VOL_USD_hourly,0.00011686768028756131
201,Employment Change s_a__VOL_AUD_Daily,0.00011639320566437139
469,TR_VI_POS_AUD12,0.0001160750186292288
265,National Australia Bank's Business Confidence_PC_USD_Daily,0.00011578749918669167
516,MOM_STOCH_OSCILLATOR_AUD11,0.00011210092978170452
174,National Australia Bank's Business Conditions_PC_AUD_Daily,0.00011060770537624256
190,Trade Balance_PC_AUD_Daily,0.00010999580601263483
568,VOL_BOLLINGER_BANDS_AUD2,0.00010857851562076352
603,VOL_BOLLINGER_L_BANDS_AUD7,0.00010842808011761762
142,RBA Assist Gov Edey Speech _VOL_USD_hourly,0.00010658872281293082
280,Trade Balance_PC_USD_Daily,0.00010536634362327307
745,VOL_KELTNER_CHANNEL_H_BAND_AUD20,0.00010375860512866084
441,TR_TRIX_AUD14,0.00010306665567428313
78,RBA's Governor Glenn Stevens Speech_VOL_AUD_hourly,0.00010152301015622269
814,month_1,0.00010019601477816307
514,MOM_STOCH_OSCILLATOR_AUD9,9.9921995606496e-05
63,Private Capital Expenditure_VOL_AUD_hourly,9.947968264519077e-05
345,STDEV_AUD_H4_4p,9.936221355207946e-05
620,VOL_BOLLINGER_MAVG_AUD2,9.775975551190598e-05
161,Construction Work Done_PC_AUD_Daily,9.755377841599492e-05
684,VOL_DONCHAIN_CHANNEL_L_BAND_AUD7,9.491927235289415e-05
34,Private Sector Credit (YoY)_PC_AUD_hourly,9.476489415270408e-05
822,month_9,9.273414736457491e-05
397,TR_CCI_AUD6,9.272127582221513e-05
739,VOL_KELTNER_CHANNEL_H_BAND_AUD14,9.127978285194204e-05
38,TD Securities Inflation (MoM)_PC_AUD_hourly,9.041386130961036e-05
284,Westpac Leading Index (MoM)_PC_USD_Daily,9.033586132400818e-05
230,RBA Bulletin_VOL_AUD_Daily,8.874251294811723e-05
2,PC_macro_economic_ind_USD_hourly,8.762385967476461e-05
225,RBA Assist Gov Debelle Speech_VOL_AUD_Daily,8.734577333574894e-05
574,VOL_BOLLINGER_BANDS_AUD8,8.640870034207949e-05
25,Investment Lending for Homes_PC_AUD_hourly,8.632571520411743e-05
541,MOM_STOCH_OSCILLATOR_SIGNAL_AUD17,8.611570183057986e-05
663,VOL_DONCHAIN_CHANNEL_H_BAND_INDICATOR_AUD6,8.559284610687792e-05
697,VOL_DONCHAIN_CHANNEL_L_BAND_AUD20,8.551704953926371e-05
33,Private Sector Credit (MoM)_PC_AUD_hourly,8.127188420321796e-05
286,Building Permits (MoM)_VOL_USD_Daily,8.105111380410056e-05
15,Consumer Price Index (QoQ)_PC_AUD_hourly,8.090177740637204e-05
444,TR_TRIX_AUD17,8.006272046112546e-05
84,Building Permits (MoM)_PC_USD_hourly,7.948435292150216e-05
100,National Australia Bank's Business Confidence_PC_USD_hourly,7.810770059107199e-05
464,TR_VI_NEG_AUD10,7.804689694050602e-05
18,Export Price Index (QoQ)_PC_AUD_hourly,7.723096512236215e-05
505,MOM_RSI_AUD19,7.717636645354383e-05
12,Building Permits (YoY)_PC_AUD_hourly,7.588417270402374e-05
695,VOL_DONCHAIN_CHANNEL_L_BAND_AUD18,7.565295398441401e-05
725,VOL_KELTNER_CHANNEL_CENTRAL_AUD20,7.553868805045135e-05
530,MOM_STOCH_OSCILLATOR_SIGNAL_AUD6,7.480830323770031e-05
242,Unemployment Rate s_a__VOL_AUD_Daily,7.449524410862239e-05
287,CFTC AUD NC net positions_VOL_USD_Daily,7.174075892174029e-05
307,OUTDATED - RBA Deputy Governor Lowe Speech_VOL_USD_Daily,7.154501621973222e-05
625,VOL_BOLLINGER_MAVG_AUD7,7.152015325933928e-05
213,National Australia Bank's Business Confidence_VOL_AUD_Daily,7.038852299496711e-05
535,MOM_STOCH_OSCILLATOR_SIGNAL_AUD11,7.011055792206233e-05
521,MOM_STOCH_OSCILLATOR_AUD16,6.999591613107624e-05
580,VOL_BOLLINGER_BANDS_AUD14,6.913494785691511e-05
117,AiG Performance of Services Index_VOL_USD_hourly,6.862487694089651e-05
80,TD Securities Inflation (MoM)_VOL_AUD_hourly,6.804474256238574e-05
392,TR_ADX_AUD20,6.605688714710582e-05
176,National Australia Bank's Business Confidence (QoQ)_PC_AUD_Daily,6.277774113725874e-05
175,National Australia Bank's Business Confidence_PC_AUD_Daily,6.274843596337413e-05
513,MOM_STOCH_OSCILLATOR_AUD8,6.133605284524434e-05
8,PC_macro_economic_ind_AUD_daily,6.133275608180242e-05
772,STDEV_AUD_H1_3p_h1_1,6.114350718932504e-05
799,STDEV_AUD_H1_3p_h1_4,5.588649123241087e-05
463,TR_VI_POS_AUD9,5.456217243236259e-05
355,correl_AUD_CHF_7p,5.18777160072049e-05
583,VOL_BOLLINGER_BANDS_AUD17,4.621661200220696e-05
68,RBA Assist Gov Debelle Speech_VOL_AUD_hourly,4.590313304343449e-05
804,year_2010,4.4901417274338816e-05
542,MOM_STOCH_OSCILLATOR_SIGNAL_AUD18,4.295187655885e-05
376,TR_ADX_AUD4,4.2365396527875366e-05
442,TR_TRIX_AUD15,4.2017797994636944e-05
141,RBA Assist Gov Debelle Speech_VOL_USD_hourly,4.0849850861802254e-05
440,TR_TRIX_AUD13,3.312988622427424e-05
698,VOL_DONCHAIN_CHANNEL_L_BAND_INDICATOR_AUD2,3.273157217031695e-05
398,TR_CCI_AUD7,3.0544764817440504e-05
468,TR_VI_NEG_AUD12,2.3167661509313408e-05
453,TR_VI_POS_AUD4,1.5005537474178953e-05
412,TR_DPO_AUD1,1.4661633815677489e-05
155,ANZ Job Advertisements_PC_AUD_Daily,1.394793901697555e-05
