,col_name,value
827,hour,0.145860811028829
5,Volatility_AUD_hourly,0.0787399822388083
1,Volatility_USD_hourly,0.07688449893340187
833,year_2014,0.05345863226507873
822,PC3_AUD_H1_h1_7,0.03468587527784914
808,correl_AUD_CHF_3p_h1_5,0.025126641005378675
825,correl_AUD_JPY_3p_h1_7,0.025116696969362588
773,correl_AUD_JPY_3p_h1_1,0.015395094713604037
821,PC2_AUD_H1_h1_7,0.011161979468022288
806,STDEV_AUD_H1_3p_h1_5,0.011056664135560647
815,correl_AUD_JPY_3p_h1_6,0.01090476781211142
361,correl_AUD_GBP_7p,0.009268470814112648
358,CS_AUD_CHF_H4_20,0.00901976708104997
344,STDEV_AUD_H4_2p,0.009012179327022663
816,correl_AUD_CHF_3p_h1_6,0.008969802098052034
846,month_8,0.008485188883678852
372,correl_EUR_AUD_10p,0.008465814275555617
371,correl_EUR_AUD_7p,0.00837290372992276
850,month_12,0.007809336053374349
366,correl_AUD_JPY_7p,0.007656465995690994
394,TR_CCI_AUD3,0.007479024810455659
354,CS_AUD_CHF_H4_7,0.007360802679529785
203,Exports_VOL_AUD_Daily,0.007113698985374394
855,dayofweek_4,0.006927247924305764
527,MOM_STOCH_OSCILLATOR_SIGNAL_AUD3,0.0068825022703266235
459,TR_VI_POS_AUD7,0.006334184205335704
509,MOM_STOCH_OSCILLATOR_AUD4,0.0061907104647203216
807,correl_AUD_JPY_3p_h1_5,0.006132072711257449
4,PC_macro_economic_ind_USD_daily,0.005735233458334178
396,TR_CCI_AUD5,0.005673764913038244
350,CS_AUD_CAD_H4_7,0.005546633404917857
782,correl_AUD_JPY_3p_h1_2,0.005359527837426117
792,correl_AUD_JPY_3p_h1_2_1,0.00524914361332531
824,STDEV_AUD_H1_3p_h1_7,0.005008325554909807
511,MOM_STOCH_OSCILLATOR_AUD6,0.0049861642122134495
367,correl_AUD_JPY_10p,0.004949789777255418
789,PC3_AUD_H1_h1_2_1,0.004801427114983394
800,correl_AUD_JPY_3p_h1_4,0.004560395789553893
545,MOM_TSI_AUD,0.0043688332763894815
514,MOM_STOCH_OSCILLATOR_AUD9,0.00433557781531872
417,TR_DPO_AUD6,0.004236121159221676
3,Volatility_USD_daily,0.004230090112106602
245,ANZ Job Advertisements_PC_USD_Daily,0.004214230979817116
797,PC3_AUD_H1_h1_4,0.004195427316542525
450,TR_VI_NEG_AUD2,0.004137590581735968
550,VOL_ATR_AUD3,0.004047842692690262
510,MOM_STOCH_OSCILLATOR_AUD5,0.0039849511764425355
826,day,0.003982889373962475
342,PC50_AUD_H4,0.00396191978980667
340,PC14_AUD_H4,0.003935782275244287
359,correl_AUD_CHF_20p,0.0039001921112573196
805,STDEV_AUD_H1_2p_h1_5,0.0038923475427509197
382,TR_ADX_AUD10,0.003844255787322443
362,CS_AUD_GBP_H4_10,0.003773280415308843
439,TR_TRIX_AUD12,0.0037335284877910435
486,MOM_AO_AUD,0.0036887197741513385
363,correl_AUD_GBP_10p,0.0036325176649115516
823,STDEV_AUD_H1_2p_h1_7,0.003617150678543207
412,TR_DPO_AUD1,0.0035868966584939113
373,correl_EUR_AUD_20p,0.0035714184103319115
495,MOM_RSI_AUD9,0.0035084332563683754
349,STDEV_AUD_H4_20p,0.00340550659298969
356,CS_AUD_CHF_H4_10,0.0033201146602141896
153,TD Securities Inflation (MoM)_VOL_USD_hourly,0.0032635079813705275
422,TR_DPO_AUD14,0.0032237371832920677
532,MOM_STOCH_OSCILLATOR_SIGNAL_AUD8,0.003222063574315995
364,CS_AUD_GBP_H4_20,0.003211741933939819
471,TR_VI_POS_AUD13,0.0031578271087877186
783,correl_AUD_CHF_3p_h1_2,0.003144294271649258
353,correl_AUD_CAD_20p,0.0029702306266349444
449,TR_VI_POS_AUD1,0.002949220978722632
771,STDEV_AUD_H1_2p_h1_1,0.0029219157547274856
488,MOM_RSI_AUD2,0.002843758495144114
421,TR_DPO_AUD13,0.0028435088937275687
411,TR_CCI_AUD20,0.0027956628523402066
790,STDEV_AUD_H1_2p_h1_2_1,0.0027916125719284245
490,MOM_RSI_AUD4,0.0024576207473911275
791,STDEV_AUD_H1_3p_h1_2_1,0.0024497550327637657
478,TR_VI_NEG_AUD17,0.002415606865588591
84,Building Permits (MoM)_PC_USD_hourly,0.0024111552577306085
522,MOM_STOCH_OSCILLATOR_AUD17,0.0023846834684137976
293,Exports_VOL_USD_Daily,0.002354820849346275
374,TR_ADX_AUD2,0.002322812867598458
524,MOM_STOCH_OSCILLATOR_AUD19,0.0023196800471497825
467,TR_VI_POS_AUD11,0.002280827267735137
529,MOM_STOCH_OSCILLATOR_SIGNAL_AUD5,0.002245038829514974
453,TR_VI_POS_AUD4,0.0022411726703219087
788,PC2_AUD_H1_h1_2_1,0.0021769832236251466
447,TR_TRIX_AUD20,0.0021640260967374144
8,PC_macro_economic_ind_AUD_daily,0.00213309274302391
477,TR_VI_POS_AUD16,0.0021234283310687828
7,Volatility_AUD_daily,0.0021105105091391435
425,TR_DPO_AUD17,0.0020905538298357043
368,CS_AUD_JPY_H4_20,0.0020789721044017196
463,TR_VI_POS_AUD9,0.0020610059817389344
457,TR_VI_POS_AUD6,0.0020479237736761953
415,TR_DPO_AUD4,0.0020057945413180962
11,Building Permits (MoM)_PC_AUD_hourly,0.0020005912413893863
397,TR_CCI_AUD6,0.0019875643473516403
410,TR_CCI_AUD19,0.001973664857076129
416,TR_DPO_AUD5,0.0019705036710839503
489,MOM_RSI_AUD3,0.0019554525072101765
546,MOM_UO_AUD,0.0019404974942996696
541,MOM_STOCH_OSCILLATOR_SIGNAL_AUD17,0.0019348618690021274
513,MOM_STOCH_OSCILLATOR_AUD8,0.0019312428306941646
401,TR_CCI_AUD10,0.0019269967278209865
259,HIA New Home Sales (MoM)_PC_USD_Daily,0.0019218069908830983
384,TR_ADX_AUD12,0.0018799120128530327
423,TR_DPO_AUD15,0.001878525415687315
747,VOL_KELTNER_CHANNEL_L_BAND_AUD2,0.001878497960270855
468,TR_VI_NEG_AUD12,0.001873656859205682
157,Building Permits (MoM)_PC_AUD_Daily,0.0018691027402197426
506,MOM_RSI_AUD20,0.001864462425966049
58,New Motor Vehicle Sales (MoM)_VOL_AUD_hourly,0.0018504310291093038
413,TR_DPO_AUD2,0.0018473732211372674
465,TR_VI_POS_AUD10,0.0018373035226664253
168,Gross Domestic Product (YoY)_PC_AUD_Daily,0.0018178884865511053
192,Westpac Consumer Confidence_PC_AUD_Daily,0.0018172688469602876
278,TD Securities Inflation (MoM)_PC_USD_Daily,0.0018165626108408131
496,MOM_RSI_AUD10,0.0017796448741441034
799,STDEV_AUD_H1_3p_h1_4,0.0017641453109162447
774,correl_AUD_CHF_3p_h1_1,0.0017640649834650176
841,month_3,0.001761479431986337
493,MOM_RSI_AUD7,0.001759977463252656
10,AiG Performance of Mfg Index_PC_AUD_hourly,0.0017591864368957841
645,VOL_DONCHAIN_CHANNEL_H_BAND_AUD7,0.0017426907778040456
74,RBA Foreign Exchange Transaction_VOL_AUD_hourly,0.0017415737591687161
798,STDEV_AUD_H1_2p_h1_4,0.0017395952580824075
543,MOM_STOCH_OSCILLATOR_SIGNAL_AUD19,0.0017362863834885715
658,VOL_DONCHAIN_CHANNEL_H_BAND_AUD20,0.0017344684065849253
83,AiG Performance of Mfg Index_PC_USD_hourly,0.0017246987194000217
598,VOL_BOLLINGER_L_BANDS_AUD2,0.001721559271234261
614,VOL_BOLLINGER_L_BANDS_AUD18,0.0017144100415120679
566,VOL_ATR_AUD19,0.001707601304166944
801,open_h1_5,0.001700461227155823
210,Investment Lending for Homes_VOL_AUD_Daily,0.0016958642597170374
444,TR_TRIX_AUD17,0.0016857169177703411
229,RBA Assistant Governor Kent Speech_VOL_AUD_Daily,0.0016613476378865223
434,TR_TRIX_AUD7,0.0016466790843035685
241,TD Securities Inflation (YoY)_VOL_AUD_Daily,0.0016392655309380427
582,VOL_BOLLINGER_BANDS_AUD16,0.0016359538299238051
427,TR_DPO_AUD20,0.001631157300422082
6,PC_macro_economic_ind_AUD_hourly,0.001622616785930385
479,TR_VI_POS_AUD17,0.0016138611531569225
446,TR_TRIX_AUD19,0.001610053567321252
429,TR_TRIX_AUD2,0.0016036579911920278
772,STDEV_AUD_H1_3p_h1_1,0.0015942867829441944
491,MOM_RSI_AUD5,0.001593865730558492
386,TR_ADX_AUD14,0.0015928861790207212
80,TD Securities Inflation (MoM)_VOL_AUD_hourly,0.0015844692870129592
443,TR_TRIX_AUD16,0.001570154482173301
189,TD Securities Inflation (YoY)_PC_AUD_Daily,0.0015692939547586593
473,TR_VI_POS_AUD14,0.001558798416934204
395,TR_CCI_AUD4,0.001552879837785478
853,dayofweek_2,0.00154004260436378
352,correl_AUD_CAD_10p,0.001538428019738102
346,STDEV_AUD_H4_7p,0.001522016312179259
828,nb_months,0.0015113083594748787
419,TR_DPO_AUD10,0.001506984332865499
534,MOM_STOCH_OSCILLATOR_SIGNAL_AUD10,0.0014892506613120003
505,MOM_RSI_AUD19,0.0014871467000582919
458,TR_VI_NEG_AUD7,0.0014864317165017848
536,MOM_STOCH_OSCILLATOR_SIGNAL_AUD12,0.0014698481211050276
380,TR_ADX_AUD8,0.001467935551598972
470,TR_VI_NEG_AUD13,0.0014670001354125696
426,TR_DPO_AUD18,0.0014303966027422426
436,TR_TRIX_AUD9,0.0013837128417381887
560,VOL_ATR_AUD13,0.001380743157325399
392,TR_ADX_AUD20,0.0013502236230182878
531,MOM_STOCH_OSCILLATOR_SIGNAL_AUD7,0.0013437404813752363
462,TR_VI_NEG_AUD9,0.001311949117150281
813,STDEV_AUD_H1_2p_h1_6,0.001306067817312436
263,Investment Lending for Homes_PC_USD_Daily,0.001304001232951524
355,correl_AUD_CHF_7p,0.0012413174959379175
451,TR_VI_NEG_AUD3,0.0012167343950022056
390,TR_ADX_AUD18,0.0011568207693126399
485,TR_VI_POS_AUD20,0.001135053229915349
341,PC20_AUD_H4,0.0011159190759616614
474,TR_VI_NEG_AUD15,0.0011046802890900512
586,VOL_BOLLINGER_BANDS_AUD20,0.001072711767904937
420,TR_DPO_AUD12,0.0010555572320188594
464,TR_VI_NEG_AUD10,0.0010400102288863982
445,TR_TRIX_AUD18,0.0009902845125615393
33,Private Sector Credit (MoM)_PC_AUD_hourly,0.0009190706662809116
2,PC_macro_economic_ind_USD_hourly,0.0008972573728957433
455,TR_VI_POS_AUD5,0.0007869865263224762
494,MOM_RSI_AUD8,0.0007835892990162552
780,STDEV_AUD_H1_2p_h1_2,0.0007585355049918379
404,TR_CCI_AUD13,0.0007584286977466847
483,TR_VI_POS_AUD19,0.0004507826814631206
365,correl_AUD_GBP_20p,0.0004383260398752412
484,TR_VI_NEG_AUD20,0.00042395215368417114
